woloxer_id,month,amount_of_messages,sentiment
U3AK756HH,2017-01,103,0.6055999994
U3AK756HH,2017-03,123,0.6008058786
U3AK756HH,2017-02,327,0.4887548685
U3AK756HH,2016-12,29,0.1852626652
U3AK756HH,2017-06,147,0.6588722467
U3AK756HH,2017-04,41,0.7188526988
U3AK756HH,2017-05,95,0.304897368
U3AK756HH,2017-07,24,0.3867082
U0A8V8HPF,2016-09,9,0.8323636651
U0A8V8HPF,2016-08,8,0.4128229618
U0A8V8HPF,2016-07,17,0.4977031052
U0A8V8HPF,2016-06,42,0.8021055460000001
U0A8V8HPF,2017-04,2,0.77568537
U0A8V8HPF,2016-01,5,0.1082506627
U0A8V8HPF,2015-12,2,0.2433358729
U0A8V8HPF,2016-02,2,0.039537549000000005
U0A8V8HPF,2016-04,1,0.4783090055
U0A8V8HPF,2017-01,2,0.9423919916000001
U04U5LE3S,2016-08,145,0.4521789551
U04U5LE3S,2017-05,105,0.5843855143000001
U04U5LE3S,2016-06,138,0.3430667818
U04U5LE3S,2016-07,122,0.2916581929
U04U5LE3S,2016-05,135,0.2142894566
U04U5LE3S,2016-11,93,0.4727346301
U04U5LE3S,2016-09,95,0.27462935450000003
U04U5LE3S,2017-02,135,0.45704573390000003
U04U5LE3S,2017-03,93,0.8387251496
U04U5LE3S,2016-10,53,0.1896113753
U04U5LE3S,2016-12,97,0.324875474
U04U5LE3S,2017-01,109,0.5617776513
U04U5LE3S,2017-04,123,0.4223122895
U04U5LE3S,2017-06,83,0.1616607755
U04U5LE3S,2015-11,40,0.34357196090000003
U04U5LE3S,2016-03,107,0.2495654821
U04U5LE3S,2015-06,7,0.1550735235
U04U5LE3S,2015-07,6,0.3853114843
U04U5LE3S,2016-04,103,0.23899337650000002
U04U5LE3S,2016-02,63,0.2707589865
U04U5LE3S,2016-01,12,0.7176940441
U04U5LE3S,2015-10,8,0.6741351485
U04U5LE3S,2015-09,1,0.754460156
U04U5LE3S,2015-12,22,0.2826038003
U04U5LE3S,2015-08,4,0.8645859957
U04U5LE3S,2017-07,2,0.6749134064
U04U2GZK5,2016-08,200,0.6665775776
U04U2GZK5,2016-07,179,0.9291543961000001
U04U2GZK5,2016-06,183,0.20259153840000002
U04U2GZK5,2016-09,211,0.6976000071
U04U2GZK5,2017-05,204,0.2410618216
U04U2GZK5,2016-11,149,0.9423155785
U04U2GZK5,2017-04,176,0.7142290473
U04U2GZK5,2016-10,139,0.8190715909
U04U2GZK5,2017-03,133,0.7200689912
U04U2GZK5,2016-05,214,0.7530827522
U04U2GZK5,2017-01,156,0.6114471555000001
U04U2GZK5,2017-06,157,0.35774073
U04U2GZK5,2016-12,97,0.7411159277
U04U2GZK5,2016-04,244,0.5486132503
U04U2GZK5,2016-01,42,0.7433285713000001
U04U2GZK5,2015-12,26,0.2742586732
U04U2GZK5,2017-02,97,0.3194665909
U04U2GZK5,2016-03,147,0.6688603163
U04U2GZK5,2017-07,37,0.37380334730000003
U04U2GZK5,2016-02,97,0.49456864600000006
U04U2GZK5,2015-11,48,0.7820934057000001
U04U2GZK5,2015-09,36,0.4118258953
U04U2GZK5,2015-10,32,0.4213923216
U04U2GZK5,2015-08,32,0.0762076378
U0KUY2AQZ,2016-08,86,0.6772502661
U0KUY2AQZ,2016-06,36,0.44044607880000003
U0KUY2AQZ,2017-05,50,0.35980823640000004
U0KUY2AQZ,2016-07,48,0.1127730757
U0KUY2AQZ,2016-09,113,0.5981041789
U0KUY2AQZ,2017-03,111,0.8784812689
U0KUY2AQZ,2017-01,89,0.6727098823000001
U0KUY2AQZ,2016-11,111,0.3412176669
U0KUY2AQZ,2016-12,72,0.5974186063
U0KUY2AQZ,2016-10,37,0.3790577948
U0KUY2AQZ,2017-06,76,0.83142066
U0KUY2AQZ,2017-04,53,0.5812672973
U0KUY2AQZ,2017-02,149,0.7719159126
U0KUY2AQZ,2016-05,18,0.44785052540000003
U0KUY2AQZ,2016-02,7,0.1306708902
U0KUY2AQZ,2016-04,21,0.2498908937
U0KUY2AQZ,2016-03,6,0.8164706230000001
U0KUY2AQZ,2017-07,38,0.30939829350000003
U0EK9BJR3,2016-09,45,0.7047220469000001
U0EK9BJR3,2016-07,3,0.0440743044
U0EK9BJR3,2016-06,15,0.7389753461
U0EK9BJR3,2016-05,5,0.42962098120000003
U0EK9BJR3,2016-08,3,0.7232179642000001
U0EK9BJR3,2016-04,7,0.3547419906
U0EK9BJR3,2016-01,3,0.8421767354
U0EK9BJR3,2015-12,9,0.6226606369000001
U0EK9BJR3,2017-06,4,0.5627231598
U0EK9BJR3,2016-12,24,0.9960586429
U0EK9BJR3,2016-02,6,0.8943763971
U0EK9BJR3,2017-04,2,0.6636124849
U0EK9BJR3,2016-10,8,0.8646567464
U0EK9BJR3,2016-11,5,0.9690434337
U0EK9BJR3,2017-01,4,0.3316601813
U0EK9BJR3,2016-03,3,0.30191880460000003
U0EK9BJR3,2017-02,6,0.0551546663
U0EK9BJR3,2017-05,2,0.9323214889
U2D6QDMNJ,2017-05,9,0.5401905179000001
U2D6QDMNJ,2017-02,34,0.308386296
U2D6QDMNJ,2017-03,11,0.6437115073
U2D6QDMNJ,2017-04,9,0.6903744936
U2D6QDMNJ,2016-12,11,0.4726032019
U2D6QDMNJ,2016-11,12,0.6383913755
U2D6QDMNJ,2017-06,7,0.6218516827
U2D6QDMNJ,2017-01,12,0.8813101649
U2D6QDMNJ,2016-09,1,0.9815893769
U2D6QDMNJ,2017-07,3,0.3582541347
U0KUYE44Q,2016-06,25,0.0129866954
U0KUYE44Q,2017-02,176,0.1241841838
U0KUYE44Q,2017-03,70,0.4102288485
U0KUYE44Q,2016-11,137,0.4047673047
U0KUYE44Q,2017-04,99,0.7689034343000001
U0KUYE44Q,2017-05,73,0.7547160983000001
U0KUYE44Q,2017-01,104,0.0982895419
U0KUYE44Q,2016-09,132,0.22296527030000002
U0KUYE44Q,2016-10,82,0.2927066088
U0KUYE44Q,2017-07,24,0.0767040253
U0KUYE44Q,2016-08,89,0.5757367015
U0KUYE44Q,2016-12,182,0.1831991673
U0KUYE44Q,2017-06,60,0.34033936260000003
U0KUYE44Q,2016-07,44,0.2426330894
U0KUYE44Q,2016-05,21,0.09363000090000001
U0KUYE44Q,2016-04,18,0.2036201656
U0KUYE44Q,2016-03,4,0.2025027573
U0KUYE44Q,2016-02,4,0.6308693886
U0M7Z0W22,2016-06,67,0.8226293325
U0M7Z0W22,2016-09,28,0.9668101668
U0M7Z0W22,2016-07,38,0.3330553174
U0M7Z0W22,2016-10,69,0.4663201272
U0M7Z0W22,2017-01,52,0.813559413
U0M7Z0W22,2017-03,49,0.9586146474
U0M7Z0W22,2017-05,19,0.9202296138
U0M7Z0W22,2017-04,37,0.6814628839
U0M7Z0W22,2016-03,13,0.5354093313
U0M7Z0W22,2016-02,6,0.9284700155000001
U0M7Z0W22,2016-11,41,0.9448629618000001
U0M7Z0W22,2017-02,85,0.9732579589
U0M7Z0W22,2016-05,16,0.4726587236
U0M7Z0W22,2016-04,22,0.5958890319
U0M7Z0W22,2017-06,70,0.6150245667
U0M7Z0W22,2016-12,64,0.9100427032
U0M7Z0W22,2016-08,19,0.4315961897
U0M7Z0W22,2017-07,9,0.48888096210000004
U02FAGYAV,2016-06,111,0.05681495
U02FAGYAV,2016-10,90,0.6735833883
U02FAGYAV,2017-05,74,0.7163365483
U02FAGYAV,2016-12,107,0.478135258
U02FAGYAV,2017-01,198,0.0970560163
U02FAGYAV,2016-08,107,0.3121236563
U02FAGYAV,2017-06,88,0.5724511743
U02FAGYAV,2016-11,77,0.2528854907
U02FAGYAV,2016-09,76,0.1649221778
U02FAGYAV,2017-02,182,0.40623447300000004
U02FAGYAV,2017-04,123,0.5152530074
U02FAGYAV,2017-03,103,0.7159841657
U02FAGYAV,2016-05,185,0.6181428432
U02FAGYAV,2016-07,75,0.6418815255
U02FAGYAV,2017-07,22,0.6865085363
U02FAGYAV,2016-04,104,0.6087813377
U02FAGYAV,2015-06,14,0.2920957208
U02FAGYAV,2016-03,42,0.17047415670000002
U02FAGYAV,2015-09,6,0.9945266843
U02FAGYAV,2015-12,11,0.7402172089
U02FAGYAV,2014-09,11,0.6778815389
U02FAGYAV,2014-08,1,0.0971353799
U02FAGYAV,2015-07,14,0.8814519048
U02FAGYAV,2014-12,4,0.401432544
U02FAGYAV,2016-01,38,0.27978605030000003
U02FAGYAV,2015-04,6,0.8313788772
U02FAGYAV,2014-10,2,0.6477305889
U02FAGYAV,2015-08,11,0.22560529410000002
U02FAGYAV,2015-03,2,0.6326106191
U02FAGYAV,2015-05,6,0.9401056170000001
U02FAGYAV,2015-02,1,0.8995139599
U02FAGYAV,2014-11,3,0.31061518190000004
U02FAGYAV,2015-11,3,0.12264420840000001
U02FAGYAV,2016-02,1,0.4783090055
U02FAGYAV,2015-10,1,0.5633968115
U0KUTUAHK,2016-06,18,0.2307530344
U0KUTUAHK,2016-07,49,0.1700244546
U0KUTUAHK,2016-10,45,0.4754186273
U0KUTUAHK,2016-09,65,0.30304810400000004
U0KUTUAHK,2017-05,27,0.0383616723
U0KUTUAHK,2016-11,34,0.29929640890000003
U0KUTUAHK,2017-01,47,0.1231308058
U0KUTUAHK,2016-08,45,0.3009982705
U0KUTUAHK,2017-04,33,0.0866309926
U0KUTUAHK,2017-03,38,0.0728115663
U0KUTUAHK,2017-07,4,0.2964777648
U0KUTUAHK,2016-12,67,0.1446249038
U0KUTUAHK,2017-06,31,0.2945057452
U0KUTUAHK,2017-02,54,0.41255623100000005
U0KUTUAHK,2016-05,32,0.3148845434
U0KUTUAHK,2016-04,14,0.10268633070000001
U0KUTUAHK,2016-03,3,0.9605506063
U0KUTUAHK,2016-02,1,0.3507765532
U02FVNEPL,2016-06,271,0.5783612132
U02FVNEPL,2017-05,216,0.0264616348
U02FVNEPL,2017-04,237,0.6818959117000001
U02FVNEPL,2017-03,291,0.5562129021000001
U02FVNEPL,2017-06,162,0.5647642612
U02FVNEPL,2016-05,217,0.6064639091
U02FVNEPL,2017-02,352,0.33634334800000004
U02FVNEPL,2016-10,140,0.40347647670000003
U02FVNEPL,2016-04,209,0.2332711369
U02FVNEPL,2016-12,265,0.6292173266000001
U02FVNEPL,2016-11,263,0.35228526590000003
U02FVNEPL,2016-08,346,0.39045262340000003
U02FVNEPL,2017-01,182,0.1615682393
U02FVNEPL,2016-07,253,0.28887051340000003
U02FVNEPL,2016-09,239,0.6371594071000001
U02FVNEPL,2017-07,19,0.3086018562
U02FVNEPL,2015-05,42,0.9630964994000001
U02FVNEPL,2015-03,22,0.7581565976
U02FVNEPL,2015-09,47,0.1638128459
U02FVNEPL,2015-11,74,0.38922145960000004
U02FVNEPL,2015-04,50,0.5968055725
U02FVNEPL,2015-08,65,0.8263075948
U02FVNEPL,2015-06,31,0.6410569549
U02FVNEPL,2015-10,72,0.4576889575
U02FVNEPL,2015-12,90,0.7363948822
U02FVNEPL,2015-07,24,0.3162664771
U02FVNEPL,2016-03,19,0.7969661355000001
U02FVNEPL,2014-09,51,0.264519006
U02FVNEPL,2014-08,36,0.5639905334
U02FVNEPL,2014-11,21,0.0129848802
U02FVNEPL,2014-10,7,0.4391531944
U02FVNEPL,2015-01,1,0.4299998283
U02FVNEPL,2014-12,26,0.2360854447
U02FVNEPL,2015-02,1,0.3134634495
U3FRLB925,2017-02,96,0.3567345142
U3FRLB925,2017-03,35,0.0455629528
U3FRLB925,2017-01,159,0.3123041093
U3FRLB925,2016-12,25,0.1163165644
U02FQH45F,2016-07,90,0.12857627870000002
U02FQH45F,2016-06,99,0.2693769634
U02FQH45F,2015-01,41,0.16595987980000002
U02FQH45F,2016-10,69,0.169344604
U02FQH45F,2014-10,86,0.5649716258
U02FQH45F,2015-02,20,0.184521541
U02FQH45F,2014-12,29,0.6315770745
U02FQH45F,2014-11,22,0.8015171885
U02FQH45F,2016-11,57,0.4612562656
U02FQH45F,2016-08,52,0.1896076798
U02FQH45F,2017-05,84,0.7037632465
U02FQH45F,2017-06,31,0.6487450004
U02FQH45F,2017-04,43,0.42099770900000005
U02FQH45F,2016-09,72,0.6852315068
U02FQH45F,2017-02,22,0.5360164642
U02FQH45F,2015-07,24,0.7970013022
U02FQH45F,2016-05,105,0.0506222062
U02FQH45F,2017-03,38,0.7677768469
U02FQH45F,2016-12,45,0.6167107224
U02FQH45F,2016-04,94,0.7707413435
U02FQH45F,2016-01,58,0.0384308286
U02FQH45F,2015-05,21,0.2998405695
U02FQH45F,2015-11,70,0.1773014516
U02FQH45F,2016-02,59,0.5196306109000001
U02FQH45F,2015-12,90,0.4797704816
U02FQH45F,2015-09,14,0.8863450289
U02FQH45F,2015-08,31,0.7850163579
U02FQH45F,2014-08,1,0.9483083487
U02FQH45F,2017-07,4,0.5422107577
U02FQH45F,2016-03,50,0.4390974045
U02FQH45F,2015-10,38,0.5997816324
U02FQH45F,2015-06,17,0.0873336643
U02FQH45F,2015-03,2,0.02962422
U02FQH45F,2015-04,6,0.3791667819
U1X206B34,2017-02,10,0.7497510314
U1X206B34,2017-03,8,0.657818675
U1X206B34,2016-10,24,0.9194363952
U1X206B34,2017-01,13,0.1331014782
U1X206B34,2017-04,10,0.973998189
U1X206B34,2016-09,23,0.37646526100000005
U1X206B34,2016-11,12,0.6176238656
U1X206B34,2017-05,3,0.9304717779
U1X206B34,2016-12,7,0.014802957
U1X206B34,2017-06,1,0.0098546008
U1X206B34,2016-08,2,0.9187535644
U28B024G4,2017-05,1,0.5530985594
U28B024G4,2016-11,3,0.6944321990000001
U28B024G4,2016-10,1,0.6810266376
U28B024G4,2017-01,3,0.9231491089
U40PF1R96,2017-05,5,0.653218925
U40PF1R96,2017-06,14,0.5107317567
U40PF1R96,2017-03,7,0.938949585
U40PF1R96,2017-02,15,0.6612244844
U40PF1R96,2017-04,11,0.8957565427
U40PF1R96,2017-07,2,0.3935852945
U0QSBGKQQ,2017-05,60,0.2129083276
U0QSBGKQQ,2017-06,36,0.5070561171
U0QSBGKQQ,2017-02,66,0.27760031820000003
U0QSBGKQQ,2016-09,14,0.49826529620000004
U0QSBGKQQ,2016-08,55,0.7714745402000001
U0QSBGKQQ,2017-03,69,0.043490406100000004
U0QSBGKQQ,2016-11,38,0.2542595267
U0QSBGKQQ,2016-12,45,0.1822558939
U0QSBGKQQ,2016-10,25,0.396294564
U0QSBGKQQ,2016-04,22,0.2693878114
U0QSBGKQQ,2017-01,32,0.52061373
U0QSBGKQQ,2017-04,25,0.110431239
U0QSBGKQQ,2016-07,9,0.5471204519
U0QSBGKQQ,2016-05,5,0.0450048931
U0QSBGKQQ,2016-03,6,0.6033869386
U0QSBGKQQ,2016-06,4,0.0353497528
U0QSBGKQQ,2017-07,12,0.3144452572
U0U8E0PDF,2016-06,101,0.34090638160000003
U0U8E0PDF,2016-10,111,0.7214909196
U0U8E0PDF,2017-01,66,0.1328738183
U0U8E0PDF,2016-12,45,0.8518894315000001
U0U8E0PDF,2016-07,69,0.7433710098
U0U8E0PDF,2016-08,117,0.7145454884
U0U8E0PDF,2016-11,56,0.2489880472
U0U8E0PDF,2016-09,96,0.5162571669
U0U8E0PDF,2017-02,64,0.6118870378
U0U8E0PDF,2017-03,32,0.08830439300000001
U0U8E0PDF,2017-05,21,0.7128241062
U0U8E0PDF,2017-06,68,0.4673552811
U0U8E0PDF,2016-05,87,0.3428885937
U0U8E0PDF,2017-04,17,0.0361482985
U0U8E0PDF,2017-07,53,0.8529959917000001
U0U8E0PDF,2016-04,31,0.2485969812
U03NDTJ4Y,2016-10,14,0.9324658513
U03NDTJ4Y,2016-11,14,0.32082781200000005
U03NDTJ4Y,2015-12,6,0.29115948080000004
U03NDTJ4Y,2016-09,11,0.7323441505
U03NDTJ4Y,2016-04,3,0.5099285245
U03NDTJ4Y,2015-09,9,0.2574982047
U03NDTJ4Y,2016-05,11,0.8780264258
U03NDTJ4Y,2017-02,7,0.9762588143
U03NDTJ4Y,2016-07,37,0.7763614655000001
U03NDTJ4Y,2016-03,6,0.6198208928
U03NDTJ4Y,2015-11,19,0.24321293830000001
U03NDTJ4Y,2016-08,12,0.1623615921
U03NDTJ4Y,2015-07,1,0.1187993661
U03NDTJ4Y,2016-01,4,0.1081341729
U03NDTJ4Y,2015-10,16,0.4753078818
U03NDTJ4Y,2016-06,2,0.1916995049
U03NDTJ4Y,2016-02,3,0.8670948744
U03NDTJ4Y,2015-08,2,0.44437989590000004
U03NDTJ4Y,2017-01,2,0.2175818682
U03NDTJ4Y,2015-04,1,0.5344281793
U03NDTJ4Y,2017-03,1,0.3727045953
U3LGDDLSZ,2017-03,16,0.9556493163
U3LGDDLSZ,2017-01,1,0.9884615541
U3LGDDLSZ,2017-06,58,0.3225572407
U3LGDDLSZ,2017-05,29,0.3027432263
U3LGDDLSZ,2017-02,11,0.9062277079000001
U3LGDDLSZ,2017-04,30,0.9963779449000001
U3LGDDLSZ,2017-07,5,0.8760830164000001
U1EEFPZ7B,2017-06,5,0.5048410296
U1EEFPZ7B,2017-04,2,0.7398076653
U1EEFPZ7B,2017-02,12,0.8780303001
U1EEFPZ7B,2017-05,63,0.8095859289
U1EEFPZ7B,2016-09,1,0.0742787048
U1EEFPZ7B,2016-11,19,0.0344311967
U1EEFPZ7B,2016-12,4,0.1590149254
U08FHKN06,2016-06,54,0.1469973773
U08FHKN06,2016-04,155,0.0983809531
U08FHKN06,2017-02,121,0.1358221918
U08FHKN06,2016-09,61,0.0600942709
U08FHKN06,2016-08,96,0.1456084847
U08FHKN06,2016-05,93,0.0336847529
U08FHKN06,2016-12,66,0.036834221300000004
U08FHKN06,2016-10,29,0.6438250542
U08FHKN06,2017-05,40,0.1445537508
U08FHKN06,2017-04,37,0.3608038425
U08FHKN06,2017-01,26,0.0115948096
U08FHKN06,2016-11,57,0.0761892423
U08FHKN06,2016-02,93,0.0358273946
U08FHKN06,2016-01,22,0.32637682560000003
U08FHKN06,2016-03,74,0.12734042110000002
U08FHKN06,2017-03,75,0.1039724872
U08FHKN06,2015-11,33,0.5022905469
U08FHKN06,2015-12,33,0.2426482886
U08FHKN06,2015-10,32,0.0894465446
U08FHKN06,2016-07,57,0.0956046209
U08FHKN06,2017-06,7,0.5912558436
U0KUXSH1V,2016-10,23,0.5548576713
U0KUXSH1V,2017-02,80,0.6492276192
U0KUXSH1V,2017-06,134,0.4844028354
U0KUXSH1V,2017-03,37,0.7657165527
U0KUXSH1V,2017-04,75,0.8243153095
U0KUXSH1V,2017-05,131,0.6374758482
U0KUXSH1V,2016-08,9,0.2766185701
U0KUXSH1V,2016-11,8,0.1170836464
U0KUXSH1V,2016-06,16,0.1439159065
U0KUXSH1V,2017-01,37,0.4771386087
U0KUXSH1V,2016-07,9,0.9003915787000001
U0KUXSH1V,2016-02,22,0.9960377812000001
U0KUXSH1V,2016-04,20,0.6557157636000001
U0KUXSH1V,2016-12,9,0.14898602660000002
U0KUXSH1V,2016-03,8,0.4667544067
U0KUXSH1V,2016-09,10,0.8792242408000001
U0KUXSH1V,2016-05,7,0.6904128194
U0KUXSH1V,2017-07,10,0.1771574616
U0EK9B3HT,2016-06,5,0.48417034750000004
U0EK9B3HT,2017-02,10,0.8603675961
U0EK9B3HT,2016-08,11,0.16560132800000002
U0EK9B3HT,2016-11,9,0.9816965461
U0EK9B3HT,2017-01,10,0.9785403609000001
U0EK9B3HT,2017-06,9,0.8406320214
U0EK9B3HT,2017-04,6,0.8781934977
U0EK9B3HT,2017-05,18,0.7684903145
U0EK9B3HT,2016-10,7,0.7296629548
U0EK9B3HT,2017-03,10,0.7705849409000001
U0EK9B3HT,2016-12,8,0.8581385612
U0EK9B3HT,2016-03,5,0.8171880841
U0EK9B3HT,2016-05,7,0.1433573961
U0EK9B3HT,2016-02,21,0.0608685277
U0EK9B3HT,2016-04,5,0.5799905658
U0EK9B3HT,2016-07,2,0.010665332900000001
U0EK9B3HT,2015-11,1,0.9972857833000001
U0EK9B3HT,2016-09,8,0.9861853123000001
U04FS26H7,2016-06,84,0.799295783
U04FS26H7,2016-07,152,0.9525587559
U04FS26H7,2015-07,22,0.4656688869
U04FS26H7,2016-04,159,0.7731340528
U04FS26H7,2016-03,77,0.49030685420000003
U04FS26H7,2016-08,36,0.8241201639
U04FS26H7,2016-05,85,0.7208561897
U04FS26H7,2015-11,45,0.6985824704
U04FS26H7,2015-12,34,0.5025497675
U04FS26H7,2016-01,101,0.4588558078
U04FS26H7,2016-02,93,0.8422103524000001
U04FS26H7,2015-06,25,0.8558651805
U04FS26H7,2015-08,11,0.2585466504
U04FS26H7,2015-10,22,0.9476805329
U04FS26H7,2015-09,2,0.6700135469
U02FAJCJ5,2016-06,109,0.5437700152
U02FAJCJ5,2016-09,159,0.3102441132
U02FAJCJ5,2017-01,185,0.6690422893
U02FAJCJ5,2016-10,164,0.6888898611000001
U02FAJCJ5,2015-01,4,0.2294949293
U02FAJCJ5,2016-08,136,0.7080240846
U02FAJCJ5,2017-02,171,0.2289670259
U02FAJCJ5,2017-05,115,0.7181007862000001
U02FAJCJ5,2017-06,163,0.2523263693
U02FAJCJ5,2017-03,138,0.1378079951
U02FAJCJ5,2017-04,165,0.6024435163
U02FAJCJ5,2016-11,206,0.0964496955
U02FAJCJ5,2016-04,80,0.7895866632
U02FAJCJ5,2016-12,121,0.16891372200000002
U02FAJCJ5,2017-07,62,0.1373155862
U02FAJCJ5,2016-05,55,0.2476951778
U02FAJCJ5,2016-07,108,0.31771585350000003
U02FAJCJ5,2016-03,133,0.5813176632
U02FAJCJ5,2016-02,135,0.3617926836
U02FAJCJ5,2015-06,30,0.9253179431
U02FAJCJ5,2015-10,44,0.1969604939
U02FAJCJ5,2015-08,36,0.8089120984
U02FAJCJ5,2015-12,68,0.6841849089
U02FAJCJ5,2015-11,71,0.6498554349
U02FAJCJ5,2016-01,87,0.23617970940000002
U02FAJCJ5,2015-05,24,0.7333678603
U02FAJCJ5,2015-07,38,0.7509402633000001
U02FAJCJ5,2015-09,35,0.5921415687
U02FAJCJ5,2015-02,9,0.7610495687000001
U02FAJCJ5,2015-04,25,0.3958772123
U02FAJCJ5,2015-03,8,0.6775380969
U02FAJCJ5,2014-08,4,0.8616699576
U02FAJCJ5,2014-09,4,0.4816634059
U02FAJCJ5,2014-10,2,0.8296415210000001
U02FAJCJ5,2014-11,1,0.5348647237
U02FV6WSG,2016-11,45,0.1272595525
U02FV6WSG,2016-10,8,0.0722981691
U02FV6WSG,2016-09,25,0.6636906862
U02FV6WSG,2017-05,8,0.8069710732
U02FV6WSG,2014-10,9,0.2915024161
U02FV6WSG,2015-02,14,0.0335545726
U02FV6WSG,2016-12,14,0.1664453596
U02FV6WSG,2016-08,39,0.4015822411
U02FV6WSG,2017-06,23,0.8113600612
U02FV6WSG,2015-01,26,0.0941440016
U02FV6WSG,2017-02,10,0.18894828860000001
U02FV6WSG,2017-01,12,0.035992700600000004
U02FV6WSG,2017-07,1,0.6336266398
U02FV6WSG,2016-07,14,0.1878478378
U02FV6WSG,2016-01,3,0.8420729041
U02FV6WSG,2015-11,17,0.2692973912
U02FV6WSG,2016-02,15,0.7168651223
U02FV6WSG,2017-04,2,0.7010219097
U02FV6WSG,2016-04,8,0.3621783853
U02FV6WSG,2016-05,3,0.8577440381
U02FV6WSG,2015-07,21,0.1116324365
U02FV6WSG,2015-05,8,0.4237596095
U02FV6WSG,2015-08,5,0.1430709064
U02FV6WSG,2017-03,14,0.7233685851
U02FV6WSG,2016-03,4,0.11294064670000001
U02FV6WSG,2015-09,3,0.2925038636
U02FV6WSG,2015-06,8,0.4379109144
U02FV6WSG,2016-06,3,0.4148029089
U0QSK05PD,2016-11,18,0.3708843887
U0QSK05PD,2016-10,10,0.6878138781
U0QSK05PD,2017-02,17,0.10051232580000001
U0QSK05PD,2017-03,23,0.1922610998
U0QSK05PD,2016-12,19,0.8008942008000001
U0QSK05PD,2017-06,24,0.6116374135
U0QSK05PD,2017-04,13,0.6929878592000001
U0QSK05PD,2017-01,28,0.7393432856000001
U0QSK05PD,2017-05,15,0.5513618588
U0QSK05PD,2016-09,12,0.5756034255
U0QSK05PD,2016-08,2,0.5071029663000001
U0QSK05PD,2016-07,4,0.323179543
U0QSK05PD,2016-05,1,0.5707976818
U0QSK05PD,2017-07,2,0.6341390610000001
U0QSK05PD,2016-06,2,0.38289752600000004
U02KHPCHS,2016-11,60,0.9249714017
U02KHPCHS,2016-10,36,0.7706068754000001
U02KHPCHS,2015-01,1,0.49715709690000004
U02KHPCHS,2016-09,90,0.7829051018000001
U02KHPCHS,2014-10,13,0.7243515849000001
U02KHPCHS,2016-12,66,0.8150611520000001
U02KHPCHS,2016-07,54,0.49934458730000003
U02KHPCHS,2017-03,39,0.8602723479000001
U02KHPCHS,2016-05,61,0.5079280138
U02KHPCHS,2016-04,53,0.1251332909
U02KHPCHS,2016-06,81,0.2774251103
U02KHPCHS,2015-04,27,0.20997458700000002
U02KHPCHS,2015-08,8,0.6062707305
U02KHPCHS,2016-02,60,0.0636137724
U02KHPCHS,2015-12,45,0.3714021742
U02KHPCHS,2017-01,82,0.7704125047
U02KHPCHS,2017-04,21,0.7597886324
U02KHPCHS,2016-08,20,0.42745834590000004
U02KHPCHS,2016-01,44,0.9187534451
U02KHPCHS,2017-02,35,0.9251524806
U02KHPCHS,2015-09,12,0.5257022381
U02KHPCHS,2015-07,10,0.6369830966000001
U02KHPCHS,2015-10,29,0.5771415830000001
U02KHPCHS,2016-03,51,0.37195381520000004
U02KHPCHS,2017-05,55,0.8765674233
U02KHPCHS,2017-07,6,0.9734250903
U02KHPCHS,2014-11,14,0.7012069225
U02KHPCHS,2017-06,15,0.9487190843000001
U02KHPCHS,2015-06,31,0.3364591599
U02KHPCHS,2015-11,26,0.29867947100000003
U02KHPCHS,2015-02,5,0.4732701778
U02KHPCHS,2015-05,14,0.6222928166
U036KUTUN,2016-11,56,0.29928919670000004
U036KUTUN,2016-10,54,0.7914755344000001
U036KUTUN,2016-09,208,0.1894227564
U036KUTUN,2015-01,24,0.5580047369000001
U036KUTUN,2017-03,179,0.2566246688
U036KUTUN,2016-08,162,0.2486980259
U036KUTUN,2017-01,129,0.3360809684
U036KUTUN,2017-02,123,0.1799052954
U036KUTUN,2016-04,234,0.3684916496
U036KUTUN,2015-02,23,0.5144127011
U036KUTUN,2016-07,175,0.2097120285
U036KUTUN,2015-11,107,0.3625986278
U036KUTUN,2015-07,94,0.5258691907
U036KUTUN,2017-04,82,0.2357260734
U036KUTUN,2015-09,95,0.1095477566
U036KUTUN,2014-12,5,0.3489208817
U036KUTUN,2016-12,95,0.1227395535
U036KUTUN,2015-03,11,0.9450585842
U036KUTUN,2016-01,123,0.079939723
U036KUTUN,2015-06,135,0.3968779147
U036KUTUN,2016-02,164,0.28317463400000004
U036KUTUN,2015-04,96,0.3865448534
U036KUTUN,2015-05,150,0.42511776090000003
U036KUTUN,2015-08,98,0.2249008864
U036KUTUN,2015-12,76,0.1276354939
U036KUTUN,2016-06,136,0.41808605190000003
U036KUTUN,2016-03,256,0.4026375413
U036KUTUN,2017-05,23,0.591468811
U036KUTUN,2015-10,96,0.523925364
U036KUTUN,2016-05,95,0.2497184426
U02RVHHFV,2014-11,3,0.0231616572
U02RVHHFV,2015-01,46,0.08573659510000001
U02RVHHFV,2016-09,66,0.3275123239
U02RVHHFV,2015-02,5,0.0038194656
U02RVHHFV,2016-10,39,0.3291476369
U02RVHHFV,2016-08,73,0.5778297186
U02RVHHFV,2016-11,92,0.6142911315
U02RVHHFV,2014-10,5,0.19323559110000002
U02RVHHFV,2014-12,2,0.14972223340000002
U02RVHHFV,2016-07,22,0.5644147396
U02RVHHFV,2017-05,95,0.5785545111
U02RVHHFV,2017-01,154,0.39057278630000003
U02RVHHFV,2017-04,230,0.33386695380000003
U02RVHHFV,2017-03,105,0.5117557049
U02RVHHFV,2016-12,72,0.9570502043
U02RVHHFV,2017-06,78,0.3821908832
U02RVHHFV,2017-02,57,0.7823938131
U02RVHHFV,2017-07,23,0.7351371050000001
U02RVHHFV,2015-08,4,0.0524172001
U02RVHHFV,2016-06,70,0.41780290010000004
U02RVHHFV,2015-09,6,0.5952968001
U02RVHHFV,2015-03,5,0.5289526582
U02RVHHFV,2015-12,10,0.9743834734000001
U02RVHHFV,2016-02,2,0.1704020947
U02RVHHFV,2015-07,8,0.8992009759
U02RVHHFV,2016-04,23,0.2243340164
U02RVHHFV,2016-03,8,0.9452066422000001
U02RVHHFV,2015-11,23,0.6251280904000001
U02RVHHFV,2016-01,6,0.21622481940000002
U02RVHHFV,2015-05,9,0.2758963108
U02RVHHFV,2015-04,3,0.2443685234
U02RVHHFV,2015-10,10,0.1347637922
U02RVHHFV,2016-05,14,0.9800550938
U02RVHHFV,2015-06,2,0.7811309099
U3ANG8J92,2017-05,68,0.31794846060000004
U3ANG8J92,2017-02,40,0.1723601073
U3ANG8J92,2017-03,46,0.1995976418
U3ANG8J92,2017-01,7,0.4335018694
U3ANG8J92,2016-12,9,0.3085781336
U3ANG8J92,2017-04,108,0.059636473700000005
U3ANG8J92,2017-06,42,0.26461130380000003
U3ANG8J92,2017-07,3,0.9186193943000001
U02FRF0PQ,2017-05,99,0.5798004866
U02FRF0PQ,2015-01,104,0.7687300444
U02FRF0PQ,2016-10,81,0.2711780667
U02FRF0PQ,2015-02,72,0.2658891082
U02FRF0PQ,2014-12,28,0.1873057038
U02FRF0PQ,2016-07,74,0.1121723503
U02FRF0PQ,2014-10,62,0.2433489114
U02FRF0PQ,2016-09,66,0.653303802
U02FRF0PQ,2016-11,63,0.7747806907
U02FRF0PQ,2017-04,64,0.5149310231
U02FRF0PQ,2017-06,83,0.8725813031
U02FRF0PQ,2016-08,67,0.25070747730000004
U02FRF0PQ,2017-01,54,0.17049230640000002
U02FRF0PQ,2014-11,30,0.2107762843
U02FRF0PQ,2017-02,34,0.20471686120000002
U02FRF0PQ,2016-12,24,0.7510049343
U02FRF0PQ,2016-04,93,0.4701544046
U02FRF0PQ,2015-06,111,0.3284199834
U02FRF0PQ,2017-03,53,0.6847420931
U02FRF0PQ,2015-05,47,0.8824435472000001
U02FRF0PQ,2016-01,112,0.4336943626
U02FRF0PQ,2015-09,80,0.1958994865
U02FRF0PQ,2015-08,116,0.5329002738
U02FRF0PQ,2015-04,98,0.5332853198
U02FRF0PQ,2016-03,45,0.6003292799000001
U02FRF0PQ,2015-07,83,0.1481902599
U02FRF0PQ,2016-02,131,0.1690683514
U02FRF0PQ,2016-06,44,0.34235700960000004
U02FRF0PQ,2015-11,82,0.1089115813
U02FRF0PQ,2015-12,31,0.20678402480000002
U02FRF0PQ,2015-03,60,0.42503497
U02FRF0PQ,2015-10,100,0.6537995338
U02FRF0PQ,2016-05,36,0.1963744909
U02FRF0PQ,2014-08,4,0.2195890993
U02FRF0PQ,2017-07,8,0.1393608153
U02FRF0PQ,2014-09,3,0.5704695582
U02F7KUJM,2015-01,391,0.6332438588
U02F7KUJM,2016-10,432,0.8592940569
U02F7KUJM,2017-05,350,0.8363754153
U02F7KUJM,2014-10,252,0.5708936453
U02F7KUJM,2015-02,164,0.4623152614
U02F7KUJM,2017-06,486,0.8194164038
U02F7KUJM,2016-08,265,0.6604059339
U02F7KUJM,2014-12,225,0.5759031177
U02F7KUJM,2017-04,517,0.9205382466
U02F7KUJM,2016-07,569,0.4107182026
U02F7KUJM,2016-11,466,0.7408674359
U02F7KUJM,2016-12,517,0.886231482
U02F7KUJM,2017-01,757,0.4447803795
U02F7KUJM,2016-09,373,0.9738826752
U02F7KUJM,2014-11,187,0.3989392519
U02F7KUJM,2015-03,282,0.8402648568000001
U02F7KUJM,2015-11,257,0.7370681167
U02F7KUJM,2015-07,322,0.5237779021
U02F7KUJM,2015-10,390,0.7868383527
U02F7KUJM,2017-07,32,0.9601270556
U02F7KUJM,2016-06,176,0.6478404999
U02F7KUJM,2014-08,145,0.43956723810000004
U02F7KUJM,2016-05,234,0.7538076639
U02F7KUJM,2016-01,441,0.5152404904
U02F7KUJM,2015-06,295,0.6702231169
U02F7KUJM,2014-09,200,0.8527459502
U02F7KUJM,2015-05,267,0.6937186718
U02F7KUJM,2015-04,167,0.3223581612
U02F7KUJM,2016-04,538,0.5617246628
U02F7KUJM,2015-08,238,0.8224408627
U02F7KUJM,2015-09,254,0.7446169257
U02F7KUJM,2016-02,398,0.8961749077000001
U02F7KUJM,2016-03,415,0.8997786045
U02F7KUJM,2015-12,236,0.3853449821
U02F7KUJM,2017-02,157,0.8856250644
U02F7KUJM,2017-03,206,0.6768797040000001
U02F84UC5,2015-01,82,0.2643386424
U02F84UC5,2014-10,96,0.8388776183000001
U02F84UC5,2016-12,137,0.16691240670000002
U02F84UC5,2016-08,118,0.4989032149
U02F84UC5,2014-12,19,0.6564062834000001
U02F84UC5,2017-04,37,0.8756040931
U02F84UC5,2017-03,69,0.17361487450000002
U02F84UC5,2016-09,178,0.1147940457
U02F84UC5,2017-02,73,0.14321328700000002
U02F84UC5,2016-10,54,0.36029744150000004
U02F84UC5,2014-11,4,0.8642597198
U02F84UC5,2017-05,60,0.1786189377
U02F84UC5,2015-02,5,0.8045278788
U02F84UC5,2017-06,51,0.8835242987
U02F84UC5,2016-11,112,0.8376184106000001
U02F84UC5,2017-01,252,0.1774678081
U02F84UC5,2016-01,91,0.1464083344
U02F84UC5,2016-02,79,0.22787661850000002
U02F84UC5,2016-04,206,0.36918804050000004
U02F84UC5,2015-09,39,0.6431280375
U02F84UC5,2015-04,7,0.43962770700000003
U02F84UC5,2016-07,191,0.6625806093000001
U02F84UC5,2015-06,54,0.38619348410000004
U02F84UC5,2014-09,13,0.5854278803
U02F84UC5,2015-07,15,0.8250863552000001
U02F84UC5,2016-05,72,0.2260708958
U02F84UC5,2015-12,27,0.331481427
U02F84UC5,2017-07,14,0.4216123223
U02F84UC5,2015-03,14,0.9283430576
U02F84UC5,2016-03,71,0.4903302789
U02F84UC5,2016-06,61,0.4040607512
U02F84UC5,2014-08,3,0.6567845345000001
U02F84UC5,2015-10,29,0.8870702386
U02F84UC5,2015-05,33,0.5283959508
U02F84UC5,2015-11,13,0.8492066264
U02F84UC5,2015-08,16,0.8758925796
U21S7TRMG,2016-10,10,0.6008415818
U21S7TRMG,2016-11,16,0.037572313100000004
U21S7TRMG,2017-05,14,0.8963597417
U21S7TRMG,2017-03,9,0.4796962738
U21S7TRMG,2017-02,12,0.9724398255000001
U21S7TRMG,2016-09,15,0.7274001837
U21S7TRMG,2017-06,5,0.8774443269000001
U21S7TRMG,2017-04,2,0.1747350842
U21S7TRMG,2016-12,2,0.5907568336
U21S7TRMG,2017-01,2,0.8902442455
U02NMRMGW,2016-10,59,0.21542523800000002
U02NMRMGW,2014-10,22,0.0914716423
U02NMRMGW,2015-01,6,0.7064402699
U02NMRMGW,2016-12,66,0.1868763864
U02NMRMGW,2016-08,76,0.2084513903
U02NMRMGW,2014-11,7,0.1816640645
U02NMRMGW,2016-11,69,0.2084554434
U02NMRMGW,2016-09,86,0.2625810206
U02NMRMGW,2017-02,68,0.5006933212
U02NMRMGW,2017-04,104,0.3928567469
U02NMRMGW,2014-12,8,0.7765822411000001
U02NMRMGW,2017-06,97,0.5630162358
U02NMRMGW,2017-01,106,0.3189455867
U02NMRMGW,2017-03,125,0.6014057398
U02NMRMGW,2016-05,56,0.1069889292
U02NMRMGW,2016-07,52,0.5126976371
U02NMRMGW,2016-06,73,0.7208333015
U02NMRMGW,2017-05,104,0.4050189853
U02NMRMGW,2015-04,16,0.3853068054
U02NMRMGW,2015-11,31,0.14697495100000002
U02NMRMGW,2015-12,13,0.8836351037
U02NMRMGW,2015-03,9,0.45639991760000004
U02NMRMGW,2015-09,22,0.4309033155
U02NMRMGW,2015-10,64,0.2818735838
U02NMRMGW,2015-07,62,0.41855117680000004
U02NMRMGW,2015-05,24,0.2234691083
U02NMRMGW,2015-02,6,0.3316606581
U02NMRMGW,2016-01,18,0.9310795069000001
U02NMRMGW,2016-02,28,0.28352704640000004
U02NMRMGW,2016-03,23,0.2335132509
U02NMRMGW,2015-06,32,0.1458650082
U02NMRMGW,2016-04,51,0.5453103781
U02NMRMGW,2015-08,63,0.3297368586
U02NMRMGW,2017-07,26,0.0671550333
U02PQARFV,2016-10,10,0.5949046016
U02PQARFV,2015-01,13,0.5073547959
U02PQARFV,2017-01,8,0.022105433
U02PQARFV,2014-10,3,0.536075294
U02PQARFV,2016-08,4,0.09048057350000001
U02PQARFV,2016-09,19,0.2475447804
U02PQARFV,2015-02,1,0.3882837296
U02PQARFV,2014-12,2,0.9071339369
U02PQARFV,2016-11,1,0.2967953384
U02PQARFV,2016-07,3,0.5553655028
U02PQARFV,2017-06,3,0.8547039628
U02PQARFV,2016-01,7,0.0870592073
U02PQARFV,2015-12,6,0.9551717639
U02PQARFV,2015-11,4,0.1162050143
U02PQARFV,2016-05,4,0.890534997
U02PQARFV,2015-10,3,0.4485452473
U02PQARFV,2015-09,1,0.28964754940000004
U02PQARFV,2017-04,2,0.1506549567
U02PQARFV,2015-03,1,0.7193540335
U02PQARFV,2016-02,1,0.7202518582
U02PQARFV,2014-11,3,0.35880100730000003
U02PQARFV,2016-04,1,0.3248022497
U0MCTPPDL,2016-10,7,0.0423457026
U0MCTPPDL,2017-01,60,0.1338226646
U0MCTPPDL,2017-03,38,0.1922400296
U0MCTPPDL,2016-07,10,0.1094868407
U0MCTPPDL,2017-05,15,0.1195170209
U0MCTPPDL,2017-02,49,0.2202250212
U0MCTPPDL,2016-04,28,0.2282491177
U0MCTPPDL,2016-06,60,0.5124495029
U0MCTPPDL,2017-04,18,0.5611543655
U0MCTPPDL,2016-09,15,0.4116272628
U0MCTPPDL,2016-05,15,0.23255947230000001
U0MCTPPDL,2016-11,27,0.4044306874
U0MCTPPDL,2016-08,35,0.2797055244
U0MCTPPDL,2016-12,36,0.4317373633
U0MCTPPDL,2017-06,2,0.9924216866000001
U0MCTPPDL,2016-03,6,0.8714270592000001
U04TGFDMW,2016-10,18,0.22985279560000002
U04TGFDMW,2016-12,66,0.1539555639
U04TGFDMW,2017-04,48,0.8363301754
U04TGFDMW,2016-09,87,0.3466047645
U04TGFDMW,2016-08,111,0.5151050687000001
U04TGFDMW,2017-05,24,0.7556225061
U04TGFDMW,2016-07,135,0.8420805335
U04TGFDMW,2016-05,65,0.2936217785
U04TGFDMW,2017-02,119,0.2037682235
U04TGFDMW,2016-06,99,0.19825750590000002
U04TGFDMW,2017-01,64,0.47193512320000003
U04TGFDMW,2016-03,156,0.25785893200000004
U04TGFDMW,2017-03,37,0.8180008531
U04TGFDMW,2016-04,186,0.4231791794
U04TGFDMW,2016-11,33,0.566711843
U04TGFDMW,2017-06,26,0.8781152368
U04TGFDMW,2015-10,220,0.4270436168
U04TGFDMW,2015-09,182,0.3875188529
U04TGFDMW,2015-12,75,0.2669482529
U04TGFDMW,2016-02,255,0.2229051739
U04TGFDMW,2016-01,86,0.1152252629
U04TGFDMW,2015-08,234,0.1060464755
U04TGFDMW,2015-11,180,0.7700599432
U04TGFDMW,2015-06,10,0.3283149302
U04TGFDMW,2015-07,24,0.6145086884000001
U04TGFDMW,2017-07,7,0.7792941928
U02F920QW,2015-01,120,0.33213013410000003
U02F920QW,2016-10,93,0.6210091114
U02F920QW,2017-01,55,0.4320249557
U02F920QW,2014-10,108,0.6995038986000001
U02F920QW,2017-06,23,0.08065755670000001
U02F920QW,2016-07,192,0.7003589869
U02F920QW,2017-04,39,0.5638202429
U02F920QW,2017-03,50,0.7987659574
U02F920QW,2016-09,96,0.6081812382
U02F920QW,2017-02,61,0.5061985254
U02F920QW,2016-08,69,0.3699559867
U02F920QW,2014-11,66,0.44495752450000003
U02F920QW,2015-02,71,0.8328049779000001
U02F920QW,2016-12,97,0.47876229880000004
U02F920QW,2015-07,319,0.1293108761
U02F920QW,2015-10,214,0.5148293376
U02F920QW,2016-06,208,0.5870873928
U02F920QW,2015-06,221,0.2548515201
U02F920QW,2014-12,57,0.4282878935
U02F920QW,2016-05,113,0.5485557914
U02F920QW,2017-05,44,0.2227919847
U02F920QW,2014-09,48,0.6878449321
U02F920QW,2015-05,186,0.7363153100000001
U02F920QW,2015-11,159,0.2973526418
U02F920QW,2015-04,161,0.5931194425
U02F920QW,2015-08,204,0.3300107718
U02F920QW,2016-01,274,0.4728129804
U02F920QW,2015-09,132,0.5390015244
U02F920QW,2015-03,55,0.8849674463
U02F920QW,2016-02,136,0.8425039053000001
U02F920QW,2015-12,290,0.186671719
U02F920QW,2016-03,130,0.34217813610000003
U02F920QW,2016-04,104,0.1875280738
U02F920QW,2017-07,22,0.1323168427
U02F920QW,2016-11,22,0.9211136103
U08GSHMC7,2016-09,19,0.76562047
U08GSHMC7,2016-10,12,0.30444353820000003
U08GSHMC7,2017-01,36,0.1948519051
U08GSHMC7,2017-04,11,0.8598582149
U08GSHMC7,2016-11,26,0.39255657790000004
U08GSHMC7,2016-12,42,0.3360229731
U08GSHMC7,2017-02,24,0.15222007040000002
U08GSHMC7,2017-03,14,0.0741787255
U08GSHMC7,2017-05,19,0.1741549969
U08GSHMC7,2017-07,8,0.5739344358
U08GSHMC7,2016-07,25,0.5476861596
U08GSHMC7,2016-05,22,0.2759674489
U08GSHMC7,2016-08,21,0.0761065558
U08GSHMC7,2016-06,15,0.3254841566
U08GSHMC7,2017-06,5,0.4452815056
U08GSHMC7,2016-04,30,0.3958813846
U08GSHMC7,2016-01,1,0.44774013760000003
U08GSHMC7,2016-03,8,0.6319818497
U178NM80J,2016-10,18,0.8438988328
U178NM80J,2017-05,31,0.9573805928
U178NM80J,2017-07,9,0.634457469
U178NM80J,2017-06,31,0.8593925238000001
U178NM80J,2017-04,33,0.8750120997
U178NM80J,2017-02,20,0.9051583409
U178NM80J,2017-03,8,0.5393587947
U178NM80J,2016-08,3,0.9512684345
U178NM80J,2016-09,10,0.44600042700000003
U178NM80J,2017-01,9,0.35443934800000004
U178NM80J,2016-11,12,0.9417193532
U178NM80J,2016-07,3,0.771078229
U178NM80J,2016-06,4,0.427905798
U178NM80J,2016-12,5,0.9728654623
U178NM80J,2016-05,1,0.9782974124
U1X1AHL1J,2016-10,10,0.8075730205
U1X1AHL1J,2017-07,4,0.7634573579
U1X1AHL1J,2016-12,54,0.7118355036
U1X1AHL1J,2016-11,76,0.8013963699000001
U1X1AHL1J,2016-08,15,0.7935107946000001
U1X1AHL1J,2017-05,72,0.6844377518
U1X1AHL1J,2017-02,24,0.6149764061
U1X1AHL1J,2017-04,33,0.48902264240000004
U1X1AHL1J,2016-09,20,0.5260565281
U1X1AHL1J,2017-03,67,0.30424988270000003
U1X1AHL1J,2017-06,28,0.09415157140000001
U1X1AHL1J,2017-01,48,0.8504481912
U357T1U10,2017-01,53,0.6615394354
U357T1U10,2017-03,40,0.8424806595000001
U357T1U10,2017-02,46,0.0711557865
U357T1U10,2017-06,51,0.7677004933
U357T1U10,2017-05,84,0.3913121819
U357T1U10,2016-12,38,0.49035614730000004
U357T1U10,2017-04,50,0.6528832912
U357T1U10,2016-11,2,0.9795746803000001
U357T1U10,2017-07,9,0.0758841559
U3SMNRXSS,2017-01,72,0.25993418690000003
U3SMNRXSS,2017-03,214,0.8729424477000001
U3SMNRXSS,2017-04,159,0.6198609471000001
U3SMNRXSS,2017-02,314,0.6001550555
U3SMNRXSS,2017-05,127,0.33585590120000003
U3SMNRXSS,2017-06,91,0.09722349050000001
U3SMNRXSS,2017-07,15,0.3308633566
U0U5S0VBM,2017-01,59,0.6138308048000001
U0U5S0VBM,2016-09,56,0.8484975100000001
U0U5S0VBM,2017-03,87,0.7572677732
U0U5S0VBM,2016-10,35,0.44704279300000005
U0U5S0VBM,2016-12,37,0.4648794532
U0U5S0VBM,2017-06,188,0.5188464522
U0U5S0VBM,2017-05,162,0.5948760509000001
U0U5S0VBM,2016-07,34,0.0479678251
U0U5S0VBM,2017-04,95,0.7296923399
U0U5S0VBM,2017-02,91,0.7140532732
U0U5S0VBM,2016-04,24,0.32915902140000003
U0U5S0VBM,2016-08,15,0.4289490879
U0U5S0VBM,2017-07,21,0.09739109130000001
U0U5S0VBM,2016-11,15,0.5145276785
U0U5S0VBM,2016-03,3,0.1179564968
U0U5S0VBM,2016-05,4,0.5102834702
U0U5S0VBM,2016-06,8,0.1351382434
U0HJHSXU6,2017-01,56,0.4910845459
U0HJHSXU6,2016-12,8,0.7076271772
U0HJHSXU6,2017-02,37,0.7272204757
U0HJHSXU6,2017-03,30,0.8028294444
U0HJHSXU6,2016-07,14,0.0266579501
U0HJHSXU6,2016-08,11,0.5862802863000001
U0HJHSXU6,2016-09,5,0.2796009779
U0HJHSXU6,2017-04,28,0.3628571928
U0HJHSXU6,2017-05,17,0.3355332911
U0HJHSXU6,2016-05,7,0.8595526218
U0HJHSXU6,2016-06,9,0.43496334550000004
U0HJHSXU6,2016-02,36,0.1910161078
U0HJHSXU6,2016-03,12,0.7736167312000001
U0HJHSXU6,2017-06,12,0.9397035241
U0HJHSXU6,2016-10,5,0.3567672968
U0HJHSXU6,2016-04,6,0.9259412885
U0HJHSXU6,2016-11,4,0.8190711737
U0HJHSXU6,2017-07,3,0.38175660370000003
U0HJHSXU6,2016-01,1,0.2751605511
U0BSFGDQF,2017-05,61,0.3134683967
U0BSFGDQF,2016-10,35,0.5103926063
U0BSFGDQF,2016-12,157,0.2532612383
U0BSFGDQF,2017-06,97,0.325351119
U0BSFGDQF,2016-08,135,0.12614397700000002
U0BSFGDQF,2017-04,78,0.2083368301
U0BSFGDQF,2016-07,31,0.2625406682
U0BSFGDQF,2016-11,55,0.1813587844
U0BSFGDQF,2016-09,54,0.057378441100000004
U0BSFGDQF,2017-01,55,0.2336228341
U0BSFGDQF,2016-05,46,0.23579958080000002
U0BSFGDQF,2017-07,3,0.1871991158
U0BSFGDQF,2016-02,203,0.0256816093
U0BSFGDQF,2017-02,89,0.1328239143
U0BSFGDQF,2016-03,215,0.0785264373
U0BSFGDQF,2016-04,92,0.23812100290000002
U0BSFGDQF,2015-11,17,0.0214966387
U0BSFGDQF,2016-01,50,0.0361185707
U0BSFGDQF,2015-12,45,0.3211757541
U0BSFGDQF,2016-06,32,0.22515892980000002
U0BSFGDQF,2017-03,106,0.080348447
U0BSFGDQF,2015-10,95,0.0685228705
U02FU2WLB,2014-10,14,0.4780548215
U02FU2WLB,2015-02,5,0.19060315190000002
U02FU2WLB,2015-07,3,0.9215095043
U02FU2WLB,2015-04,4,0.2969308794
U02FU2WLB,2015-11,7,0.33856007460000004
U02FU2WLB,2015-06,5,0.3680862784
U02FU2WLB,2014-08,9,0.3263267577
U02FU2WLB,2015-10,3,0.7768346667
U02F83EKP,2014-10,20,0.4574485123
U02F83EKP,2015-01,1,0.6844834685
U02F83EKP,2016-10,2,0.3546854854
U02F83EKP,2015-07,41,0.8533461094
U02F83EKP,2016-02,12,0.3056764305
U02F83EKP,2015-05,58,0.73739779
U02F83EKP,2016-03,39,0.442525655
U02F83EKP,2015-12,43,0.8670990467
U02F83EKP,2015-10,9,0.9572516084
U02F83EKP,2016-01,33,0.2812889814
U02F83EKP,2016-04,4,0.2273443192
U02F83EKP,2015-08,47,0.5660540462
U02F83EKP,2015-06,61,0.45513978600000005
U02F83EKP,2015-11,21,0.38962447640000003
U02F83EKP,2014-09,2,0.8383626938000001
U02F83EKP,2014-08,6,0.6898247004
U02F83EKP,2014-11,4,0.6069415212
U02F83EKP,2016-08,1,0.5403346419
U02F83EKP,2016-05,27,0.5915513039
U02F83EKP,2016-11,3,0.1786843687
U02F83EKP,2015-04,11,0.5293266177
U02F83EKP,2017-01,2,0.8969989419000001
U02F83EKP,2015-03,5,0.680822134
U02F83EKP,2015-09,7,0.0568754114
U02F83EKP,2016-07,1,0.5339035988
U02F9BWLU,2015-02,14,0.1184331775
U02F9BWLU,2015-01,26,0.3158865273
U02F9BWLU,2014-11,5,0.5282505155
U02F9BWLU,2014-08,2,0.5667573214
U02F9BWLU,2015-10,9,0.8422894478
U02F9BWLU,2016-05,3,0.39994642140000003
U02F9BWLU,2016-03,5,0.8311151862
U02F9BWLU,2015-12,1,0.7017911673
U02F9BWLU,2016-02,9,0.7860108018
U02F9BWLU,2015-11,11,0.7500994802000001
U02F9BWLU,2016-09,1,0.9919106364
U02F9BWLU,2015-04,15,0.5012379885
U02F9BWLU,2015-09,3,0.4531701207
U02F9BWLU,2014-10,1,0.4070053697
U02F9BWLU,2015-03,2,0.38673147560000004
U02F9BWLU,2016-06,1,0.43528380990000004
U02F9BWLU,2015-08,3,0.8066843152000001
U02F9BWLU,2016-07,4,0.8360748887
U02F9BWLU,2016-04,5,0.9757545590000001
U02F9BWLU,2015-06,1,0.1001758724
U02F9BWLU,2016-01,4,0.8183095455
U02F9BWLU,2015-05,4,0.9606888294
U02F9BWLU,2014-09,4,0.2217257768
U02F9BWLU,2016-10,3,0.9391187429000001
U57FE7LR2,2017-06,10,0.6099466681
U57FE7LR2,2017-07,2,0.5630272031
U3M4E3GDU,2017-03,117,0.2713218331
U3M4E3GDU,2017-01,35,0.1081097126
U3M4E3GDU,2017-02,105,0.7197060585
U3M4E3GDU,2017-05,99,0.3994015157
U3M4E3GDU,2017-06,106,0.6427403092
U3M4E3GDU,2017-07,17,0.1638207436
U3M4E3GDU,2017-04,46,0.3368957937
U3SMQ81L6,2017-03,41,0.167575404
U3SMQ81L6,2017-01,43,0.7080298662000001
U3SMQ81L6,2017-04,45,0.17588351670000002
U3SMQ81L6,2017-02,46,0.378804028
U3SMQ81L6,2017-06,20,0.359774977
U3SMQ81L6,2017-05,23,0.8225911260000001
U1X1BJND6,2017-04,57,0.7788004279
U1X1BJND6,2017-03,9,0.7670236826
U1X1BJND6,2017-05,26,0.2802461386
U1X1BJND6,2017-02,22,0.9438533187
U1X1BJND6,2017-01,10,0.5914050341
U1X1BJND6,2017-06,12,0.3220543265
U1X1BJND6,2016-09,12,0.09561952200000001
U1X1BJND6,2016-11,13,0.9181103706
U1X1BJND6,2016-10,37,0.5015299320000001
U1X1BJND6,2017-07,8,0.7628014088
U21S5RNAU,2016-10,24,0.20672425630000002
U21S5RNAU,2017-01,7,0.6292370558
U21S5RNAU,2017-06,16,0.7447189689
U21S5RNAU,2017-04,12,0.6466031075
U21S5RNAU,2017-02,15,0.8938518763000001
U21S5RNAU,2017-07,1,0.0166341793
U21S5RNAU,2017-05,2,0.0336755514
U21S5RNAU,2016-11,2,0.8811094761
U21S5RNAU,2016-09,7,0.7803633213000001
U21S5RNAU,2017-03,2,0.3924099207
U21S5RNAU,2016-08,1,0.9698386192
U4STER0QH,2017-07,3,0.7161800861000001
U4STER0QH,2017-06,8,0.9284653068000001
U4STER0QH,2017-04,1,0.5633968115
U4STER0QH,2017-05,8,0.2661230564
U03DQNGCG,2017-01,48,0.8552700877
U03DQNGCG,2016-12,36,0.0444284156
U03DQNGCG,2016-07,7,0.1907417476
U03DQNGCG,2017-03,39,0.4790013731
U03DQNGCG,2017-06,19,0.7014332414000001
U03DQNGCG,2017-02,22,0.2542653382
U03DQNGCG,2017-05,27,0.064875707
U03DQNGCG,2015-01,2,0.2092483789
U03DQNGCG,2016-08,10,0.7138705254000001
U03DQNGCG,2016-09,11,0.28308534620000003
U03DQNGCG,2017-04,31,0.6905066967
U03DQNGCG,2016-05,8,0.2976787388
U03DQNGCG,2016-03,9,0.5797775388
U03DQNGCG,2016-02,2,0.47188097240000004
U03DQNGCG,2016-11,12,0.18202467260000002
U03DQNGCG,2016-04,12,0.8660725355000001
U03DQNGCG,2015-11,4,0.2543810308
U03DQNGCG,2015-08,6,0.5393636227
U03DQNGCG,2016-01,3,0.6992586851
U03DQNGCG,2015-06,1,0.9967679381000001
U03DQNGCG,2016-06,4,0.8071970344
U03DQNGCG,2016-10,15,0.4278367758
U03DQNGCG,2017-07,1,0.5633968115
U03DQNGCG,2015-12,8,0.8395323753
U03DQNGCG,2015-09,2,0.436204493
U03DQNGCG,2015-07,2,0.5561650395000001
U4LNHDQDS,2017-06,1,0.44027701020000004
U4LNHDQDS,2017-04,7,0.3630542457
U4LNHDQDS,2017-05,6,0.5224132538
U4TLJ102Z,2017-06,211,0.1801840812
U4TLJ102Z,2017-04,268,0.5082772374
U4TLJ102Z,2017-05,186,0.4190127254
U4TLJ102Z,2017-07,32,0.49794963000000003
U02PQ287T,2017-06,20,0.7117421031000001
U02PQ287T,2014-10,21,0.524649322
U02PQ287T,2014-11,3,0.1401604414
U02PQ287T,2017-07,6,0.6662381887000001
U02PQ287T,2017-05,32,0.6343295574000001
U02PQ287T,2017-02,19,0.8724636436000001
U02PQ287T,2017-01,14,0.5780096650000001
U02PQ287T,2017-04,6,0.9753984213
U02PQ287T,2017-03,25,0.9203690290000001
U02PQ287T,2015-07,8,0.6665974855
U02PQ287T,2015-10,11,0.7958046198000001
U02PQ287T,2015-09,13,0.7422513962
U02PQ287T,2016-09,7,0.8490856290000001
U02PQ287T,2015-11,22,0.8591120839
U02PQ287T,2015-12,11,0.5737167001
U02PQ287T,2016-01,9,0.5190162659
U02PQ287T,2016-02,11,0.4759326875
U02PQ287T,2015-04,5,0.4324038327
U02PQ287T,2015-06,6,0.48618683220000003
U02PQ287T,2016-06,3,0.5738034248
U02PQ287T,2016-04,21,0.736774981
U02PQ287T,2016-10,6,0.6990165114
U02PQ287T,2016-03,8,0.8441929817
U02PQ287T,2016-05,14,0.8588922024000001
U02PQ287T,2015-02,11,0.5251325369000001
U02PQ287T,2016-12,19,0.8108723760000001
U02PQ287T,2014-12,9,0.7609097958000001
U02PQ287T,2015-03,5,0.38715970520000004
U02PQ287T,2015-08,9,0.5683893561000001
U02PQ287T,2015-01,3,0.35398224
U02PQ287T,2016-07,1,0.3544371128
U02PQ287T,2016-11,3,0.2647964358
U02PQ287T,2015-05,2,0.1161326542
U48EZ7VDM,2017-03,17,0.7560344934000001
U48EZ7VDM,2017-05,63,0.1312165409
U48EZ7VDM,2017-07,5,0.161719799
U48EZ7VDM,2017-02,10,0.4946291149
U48EZ7VDM,2017-06,57,0.1498887986
U48EZ7VDM,2017-04,19,0.8048903942000001
U02HTDXAW,2015-01,20,0.15472842750000002
U02HTDXAW,2016-08,47,0.2160360217
U02HTDXAW,2014-12,6,0.7674612999
U02HTDXAW,2016-09,52,0.8172543645
U02HTDXAW,2015-07,25,0.35877978800000004
U02HTDXAW,2017-04,42,0.7228166461000001
U02HTDXAW,2016-05,7,0.7505423427
U02HTDXAW,2016-04,18,0.9099100232
U02HTDXAW,2016-02,37,0.8043007851
U02HTDXAW,2015-12,6,0.6848865747
U02HTDXAW,2015-11,17,0.8400527239000001
U02HTDXAW,2015-06,6,0.5430679917
U02HTDXAW,2017-01,34,0.9052920938000001
U02HTDXAW,2015-05,25,0.6616850495000001
U02HTDXAW,2017-03,16,0.6709879637
U02HTDXAW,2016-01,11,0.5194277763
U02HTDXAW,2017-05,172,0.5999726057
U02HTDXAW,2017-06,49,0.8933981061
U02HTDXAW,2017-02,12,0.3297001123
U02HTDXAW,2017-07,3,0.26296052340000003
U02HTDXAW,2016-10,17,0.7045627236
U02HTDXAW,2016-11,11,0.7983210087
U02HTDXAW,2016-06,12,0.46428605910000004
U02HTDXAW,2016-12,20,0.8967916965
U02HTDXAW,2015-10,11,0.9699142575
U02HTDXAW,2016-03,18,0.5242954493
U02HTDXAW,2014-10,3,0.9629461169
U02HTDXAW,2015-03,1,0.5407804251
U02HTDXAW,2015-04,11,0.5034810305
U02HTDXAW,2015-08,19,0.6971272230000001
U02HTDXAW,2015-09,7,0.0734607801
U02HTDXAW,2015-02,9,0.1598417312
U02HTDXAW,2014-09,5,0.3737283349
U02HTDXAW,2016-07,11,0.9273998141
U02F93288,2015-01,3,0.4665821791
U02F93288,2015-11,10,0.8453832865
U02F93288,2015-12,8,0.7534072995000001
U02F93288,2016-02,6,0.7671412230000001
U02F93288,2016-05,10,0.3568961024
U02F93288,2015-10,7,0.33715641500000004
U02F93288,2016-04,8,0.6075467467
U02F93288,2016-03,4,0.083914265
U02F93288,2016-06,1,0.9915527701000001
U07SC64Q2,2017-06,88,0.815485239
U07SC64Q2,2016-11,59,0.3357371092
U07SC64Q2,2016-09,126,0.4338299036
U07SC64Q2,2016-12,88,0.39379951360000004
U07SC64Q2,2016-07,80,0.5614854693
U07SC64Q2,2017-04,67,0.1219823062
U07SC64Q2,2017-03,123,0.4558695853
U07SC64Q2,2016-06,87,0.2870776653
U07SC64Q2,2016-10,69,0.5253087878
U07SC64Q2,2016-04,63,0.12401282790000001
U07SC64Q2,2016-08,71,0.3605462015
U07SC64Q2,2015-11,37,0.49315810200000004
U07SC64Q2,2016-05,61,0.8052214980000001
U07SC64Q2,2017-02,155,0.3324500918
U07SC64Q2,2016-03,149,0.6163629889000001
U07SC64Q2,2016-01,52,0.3534297645
U07SC64Q2,2016-02,125,0.4482124746
U07SC64Q2,2015-10,65,0.1148291305
U07SC64Q2,2017-05,76,0.5532252789000001
U07SC64Q2,2017-01,129,0.1807920486
U07SC64Q2,2015-12,42,0.0535259284
U07SC64Q2,2017-07,15,0.050097011000000004
U07SC64Q2,2015-09,2,0.9781719446
U07SC64Q2,2015-07,1,0.5573357344000001
U50MZEUS2,2017-06,7,0.09438114610000001
U50MZEUS2,2017-05,5,0.8333386183
U50MZEUS2,2017-04,2,0.9874857068
U02F94GM2,2014-12,52,0.3551156521
U02F94GM2,2015-01,1,0.6844834685
U02F94GM2,2015-09,55,0.0479267202
U02F94GM2,2016-06,8,0.6008681655
U02F94GM2,2015-10,4,0.2706336379
U02F94GM2,2015-11,4,0.9194523692000001
U02F94GM2,2015-08,11,0.2179901004
U02F94GM2,2014-09,21,0.6121822596000001
U02F94GM2,2015-12,2,0.41969910260000004
U02F94GM2,2016-01,11,0.7241714001
U02F94GM2,2014-11,8,0.4997574389
U02F94GM2,2014-08,10,0.8409410119
U041U0C49,2016-08,2,0.6765906215
U041U0C49,2017-02,9,0.6426592469
U041U0C49,2017-06,15,0.1958590597
U041U0C49,2015-06,2,0.0496261977
U041U0C49,2017-04,3,0.4624359608
U041U0C49,2016-01,2,0.4832299948
U041U0C49,2017-03,6,0.5703253746
U041U0C49,2017-01,2,0.9209575653000001
U041U0C49,2017-05,13,0.7136575580000001
U041U0C49,2016-12,7,0.2971365452
U041U0C49,2016-05,4,0.48012906310000003
U041U0C49,2015-10,2,0.8456733823
U041U0C49,2016-06,5,0.5657663941000001
U041U0C49,2016-10,4,0.2072525322
U041U0C49,2016-03,5,0.97165519
U041U0C49,2016-04,4,0.9230811
U041U0C49,2015-12,5,0.8844061494000001
U041U0C49,2015-08,1,0.5206606984000001
U041U0C49,2016-09,1,0.4708822668
U041U0C49,2016-07,2,0.6472966075000001
U041U0C49,2016-11,2,0.6868303418
U041U0C49,2017-07,1,0.7928062081
U0XPPHNCA,2016-10,33,0.4042458534
U0XPPHNCA,2017-02,54,0.2002537549
U0XPPHNCA,2017-05,39,0.2334260941
U0XPPHNCA,2017-03,54,0.286429733
U0XPPHNCA,2016-12,48,0.1007201374
U0XPPHNCA,2016-11,43,0.36342048650000003
U0XPPHNCA,2017-04,33,0.21431042250000001
U0XPPHNCA,2016-09,63,0.2330838591
U0XPPHNCA,2017-01,41,0.2434578389
U0XPPHNCA,2017-06,57,0.5069263577
U0XPPHNCA,2016-08,102,0.12050742660000001
U0XPPHNCA,2016-05,46,0.0466892458
U0XPPHNCA,2016-04,19,0.1022687629
U0XPPHNCA,2016-07,28,0.35893526670000003
U0XPPHNCA,2017-07,5,0.28462645410000004
U0XPPHNCA,2016-06,13,0.0313925259
U3BB2R3C7,2017-01,21,0.7612833977
U3BB2R3C7,2017-04,73,0.14717468620000002
U3BB2R3C7,2017-06,106,0.2448972613
U3BB2R3C7,2017-07,6,0.18934378030000001
U3BB2R3C7,2017-03,57,0.7924255729
U3BB2R3C7,2017-02,45,0.3005529344
U3BB2R3C7,2017-05,62,0.5767994523000001
U3BB2R3C7,2016-12,6,0.3280101418
U02FQUNMK,2014-10,48,0.627599597
U02FQUNMK,2014-11,9,0.5508912802
U02FQUNMK,2014-09,3,0.47405740620000003
U2NCV090D,2017-01,57,0.039475765100000004
U2NCV090D,2016-12,13,0.21170216800000002
U2NCV090D,2016-10,9,0.23835274580000002
U2NCV090D,2017-02,37,0.5156906843
U2NCV090D,2016-11,5,0.2930539846
U2NCV090D,2017-07,9,0.8385903835
U2NCV090D,2017-03,17,0.1543272734
U2NCV090D,2017-06,22,0.49020835760000003
U1X17AZ9N,2016-11,6,0.8994930983
U1X17AZ9N,2016-12,2,0.7182773948000001
U1X17AZ9N,2017-03,5,0.5775135159
U1X17AZ9N,2017-04,5,0.3526259661
U1X17AZ9N,2017-02,2,0.5886753798000001
U1X17AZ9N,2017-05,1,0.5633968115
U1X17AZ9N,2017-01,1,0.7671359181
U1X17AZ9N,2016-10,2,0.6028692722
U48EN394N,2017-02,4,0.6312434673
U48EN394N,2017-06,31,0.6394381523
U48EN394N,2017-07,13,0.7967896461
U48EN394N,2017-03,28,0.2766809762
U48EN394N,2017-04,76,0.8085671067
U48EN394N,2017-05,58,0.5813860297
U4742ES2V,2017-03,61,0.0388601944
U4742ES2V,2017-07,45,0.28612902760000003
U4742ES2V,2017-04,64,0.055610124000000004
U4742ES2V,2017-02,4,0.1534040421
U4742ES2V,2017-06,136,0.28875494
U4742ES2V,2017-05,90,0.1496937573
U2ZA3M7KN,2017-06,28,0.2081305683
U2ZA3M7KN,2016-11,2,0.9446488023
U2ZA3M7KN,2017-03,13,0.2820990682
U2ZA3M7KN,2017-01,13,0.3524471521
U2ZA3M7KN,2016-12,22,0.4579539299
U2ZA3M7KN,2017-04,8,0.3682511449
U2ZA3M7KN,2017-02,14,0.4066469073
U2ZA3M7KN,2017-05,2,0.9837878346000001
U2ZA3M7KN,2017-07,42,0.6960244775000001
U02FTMYR7,2015-04,2,0.7230048776
U02FTMYR7,2015-05,3,0.6763362288
U02FTMYR7,2014-10,3,0.557572782
U02FTMYR7,2016-06,3,0.7652605176
U02PUGFAL,2014-10,1,0.2036697716
U02PUGFAL,2016-07,2,0.4532499909
U02PUGFAL,2017-03,2,0.4365817308
U02PUGFAL,2016-09,7,0.7612952590000001
U02PUGFAL,2016-11,2,0.6821488142000001
U02PUGFAL,2016-05,2,0.40684488420000003
U4LPZCQ8M,2017-04,13,0.1393957287
U4LPZCQ8M,2017-05,4,0.2805887461
U4LPZCQ8M,2017-06,8,0.9135161638
U4LMCKQ9Z,2017-04,26,0.1474342942
U4LMCKQ9Z,2017-05,42,0.2453317493
U4LMCKQ9Z,2017-06,25,0.6949390769
U4LMCKQ9Z,2017-07,6,0.3371539414
U4LMCKQ9Z,2017-03,1,0.4517969489
U02NN0X8T,2016-09,22,0.6321126223
U02NN0X8T,2017-01,14,0.5826369524
U02NN0X8T,2016-10,16,0.4634751379
U02NN0X8T,2017-04,46,0.5053838491
U02NN0X8T,2016-12,35,0.9620189071
U02NN0X8T,2017-02,19,0.8837997913000001
U02NN0X8T,2017-03,28,0.7268000245
U02NN0X8T,2015-12,18,0.9303593636
U02NN0X8T,2016-01,41,0.3077780902
U02NN0X8T,2016-11,3,0.5814087391
U02NN0X8T,2017-06,7,0.2960735559
U02NN0X8T,2017-05,5,0.9612282515
U02NN0X8T,2015-11,11,0.8881530166
U02NN0X8T,2015-10,8,0.0764064416
U02NN0X8T,2016-02,39,0.8798843026000001
U02NN0X8T,2016-04,29,0.0695746392
U02NN0X8T,2016-05,11,0.3185432851
U02NN0X8T,2016-03,19,0.43698188660000004
U02NN0X8T,2016-08,30,0.0758342147
U02NN0X8T,2016-06,4,0.45934078100000003
U02NN0X8T,2016-07,12,0.37672588230000004
U02NN0X8T,2015-09,1,0.5633968115
U02NN0X8T,2015-05,2,0.4946596622
U02NN0X8T,2015-08,5,0.9867589474
U02NN0X8T,2015-07,1,0.5633968115
U02NN0X8T,2015-06,2,0.513207376
U02NN0X8T,2014-12,1,0.5633968115
U02NN0X8T,2015-04,1,0.5407804251
U5DKYFFRS,2017-05,23,0.8002613783
U5DKYFFRS,2017-06,5,0.7335566878
U02NN8Y4C,2016-02,5,0.8271590471
U02NLA2RF,2015-04,25,0.07975523920000001
U02NLA2RF,2015-02,18,0.20352819560000002
U02NLA2RF,2015-03,4,0.3040742278
U02NLA2RF,2015-05,1,0.3952299953
U02NLA2RF,2015-01,2,0.028405170900000002
U02HVK28T,2014-11,7,0.6553450227000001
U02HVK28T,2015-03,1,0.1520104408
U02HVK28T,2015-01,2,0.6516567469
U02HVK28T,2014-12,1,0.2701353729
U02HVK28T,2014-10,1,0.94822824
U2PJ8MKMF,2017-06,2,0.2813786864
U5VTC6L5A,2017-06,3,0.9734503627000001
U57G09VHS,2017-06,4,0.2783233523
U0GJJ2HPG,2016-01,1,0.16568236050000001
U0GJJ2HPG,2016-03,4,0.1613131613
U0GJJ2HPG,2016-09,5,0.3244836628
U0GJJ2HPG,2016-10,1,0.5633968115
U0GJJ2HPG,2016-08,4,0.8744218349
U0GJJ2HPG,2016-04,3,0.7819898129
U0GJJ2HPG,2016-07,5,0.40875750780000003
U0GJJ2HPG,2015-12,1,0.9972180128
U0GJJ2HPG,2016-06,1,0.8189102411
U57FK7M9A,2017-05,1,0.8054304719000001
U57FK7M9A,2017-06,5,0.5229182243
U57FK7M9A,2017-07,1,0.9849438071000001
U2D6TQVDX,2017-06,8,0.9519793391
U2D6TQVDX,2017-01,5,0.7849577665
U2D6TQVDX,2016-10,20,0.946323216
U2D6TQVDX,2017-02,4,0.44329002500000003
U2D6TQVDX,2016-12,9,0.1858331263
U2D6TQVDX,2017-03,8,0.9571767449
U2D6TQVDX,2017-05,8,0.4968318343
U2D6TQVDX,2017-04,11,0.9258903265
U2D6TQVDX,2016-11,15,0.7480194569
U036KJ7SA,2017-02,11,0.6773278713
U036KJ7SA,2016-10,8,0.8387187123000001
U036KJ7SA,2016-01,5,0.7939159274
U036KJ7SA,2016-11,23,0.9283590317
U036KJ7SA,2016-12,5,0.9810800552000001
U036KJ7SA,2017-03,9,0.6337381601000001
U036KJ7SA,2017-04,1,0.656976819
U036KJ7SA,2016-03,6,0.6191892028
U036KJ7SA,2016-05,7,0.43071070310000004
U036KJ7SA,2016-04,7,0.2336621881
U036KJ7SA,2016-09,22,0.43088954690000003
U036KJ7SA,2015-11,34,0.5232734680000001
U036KJ7SA,2015-10,16,0.6394480467
U036KJ7SA,2015-12,8,0.4895913005
U036KJ7SA,2016-06,25,0.8004896045000001
U036KJ7SA,2016-02,19,0.4745084941
U036KJ7SA,2016-08,10,0.40123566990000004
U036KJ7SA,2015-09,14,0.7685860395
U036KJ7SA,2015-02,3,0.8498776555
U036KJ7SA,2015-08,12,0.727948606
U036KJ7SA,2015-01,2,0.9376043677
U036KJ7SA,2017-06,3,0.9897105694
U036KJ7SA,2017-05,2,0.8922070861
U036KJ7SA,2015-07,1,0.8841335773000001
U036KJ7SA,2016-07,3,0.7106564045
U036KJ7SA,2015-03,1,0.8442674279
U036KJ7SA,2017-01,6,0.1555082947
U3GG4MNTC,2017-04,636,0.6273422241000001
U3GG4MNTC,2017-05,483,0.6601105928000001
U3GG4MNTC,2017-03,493,0.30509382490000003
U3GG4MNTC,2017-06,259,0.4392881095
U3GG4MNTC,2017-02,542,0.3772665858
U3GG4MNTC,2017-01,560,0.6377687454000001
U3GG4MNTC,2016-12,246,0.217322439
U3GG4MNTC,2017-07,157,0.1043170467
U3FRLQ9B3,2017-04,412,0.43722665310000003
U3FRLQ9B3,2017-05,256,0.4105322361
U3FRLQ9B3,2017-03,390,0.3405078351
U3FRLQ9B3,2017-06,222,0.3848097026
U3FRLQ9B3,2017-07,34,0.3673172891
U3FRLQ9B3,2017-01,154,0.2059171498
U3FRLQ9B3,2017-02,371,0.1685753465
U3FRLQ9B3,2016-12,117,0.470941186
U39UX158Q,2017-04,247,0.3291724622
U39UX158Q,2017-05,106,0.8649010658
U39UX158Q,2017-06,157,0.5729410052
U39UX158Q,2017-02,172,0.4613920748
U39UX158Q,2017-03,158,0.0991972461
U39UX158Q,2017-01,155,0.5360071659
U39UX158Q,2016-12,42,0.439247936
U39UX158Q,2017-07,55,0.158635512
U02FRKW26,2017-04,115,0.54859972
U02FRKW26,2017-03,117,0.3582212925
U02FRKW26,2017-06,78,0.4649091661
U02FRKW26,2016-05,142,0.5885621905
U02FRKW26,2017-02,88,0.1280152649
U02FRKW26,2016-04,250,0.1571556926
U02FRKW26,2016-07,144,0.7909731269
U02FRKW26,2017-05,33,0.8630155325000001
U02FRKW26,2016-06,84,0.5113958120000001
U02FRKW26,2016-11,107,0.2960050702
U02FRKW26,2016-10,89,0.28445509080000003
U02FRKW26,2017-01,59,0.23927398030000002
U02FRKW26,2016-08,147,0.6112753749000001
U02FRKW26,2014-11,20,0.5058801174
U02FRKW26,2014-12,33,0.6427394152
U02FRKW26,2014-09,18,0.22718837860000002
U02FRKW26,2015-04,28,0.9147105813
U02FRKW26,2015-08,167,0.1961884499
U02FRKW26,2015-11,133,0.0141972443
U02FRKW26,2015-05,44,0.1677871943
U02FRKW26,2016-03,262,0.1182567328
U02FRKW26,2016-02,364,0.0738058612
U02FRKW26,2015-03,53,0.5197265148
U02FRKW26,2016-01,57,0.7144204974
U02FRKW26,2015-09,174,0.2964473963
U02FRKW26,2015-12,90,0.3351229727
U02FRKW26,2015-06,35,0.47369912270000003
U02FRKW26,2016-09,91,0.4703014493
U02FRKW26,2016-12,42,0.1587525308
U02FRKW26,2015-10,170,0.1315212697
U02FRKW26,2015-07,53,0.9376128316000001
U02FRKW26,2014-08,4,0.4594056308
U02FRKW26,2014-10,31,0.6507394910000001
U02FRKW26,2015-02,38,0.6533277631000001
U02FRKW26,2017-07,28,0.23689381780000002
U02FRKW26,2015-01,16,0.5981761217
U35TXKGG7,2017-04,161,0.4499299228
U35TXKGG7,2017-05,178,0.0928958654
U35TXKGG7,2017-03,263,0.7316135764
U35TXKGG7,2017-02,149,0.2557387352
U35TXKGG7,2017-06,268,0.3676025867
U35TXKGG7,2017-01,136,0.5203901529
U35TXKGG7,2017-07,49,0.14932858940000002
U35TXKGG7,2016-12,54,0.8627746701000001
U35TXKGG7,2016-11,21,0.539928019
U02FQHLN1,2017-04,40,0.1249921024
U02FQHLN1,2017-06,40,0.0994583368
U02FQHLN1,2017-05,25,0.3554596305
U02FQHLN1,2016-11,126,0.1182772666
U02FQHLN1,2016-05,32,0.3215048909
U02FQHLN1,2016-09,69,0.335647136
U02FQHLN1,2017-01,37,0.14809393880000002
U02FQHLN1,2016-07,36,0.0737253726
U02FQHLN1,2016-08,147,0.0661788061
U02FQHLN1,2016-10,34,0.34786382320000003
U02FQHLN1,2016-12,29,0.6182501316
U02FQHLN1,2016-03,50,0.2982783318
U02FQHLN1,2016-04,11,0.5742771029
U02FQHLN1,2016-06,49,0.2537786067
U02FQHLN1,2017-02,9,0.7632050514000001
U02FQHLN1,2017-03,14,0.2008781135
U02FQHLN1,2015-12,1,0.32802641390000004
U02FQHLN1,2017-07,6,0.136557132
U02FQHLN1,2016-02,76,0.6213120222
U02FQHLN1,2015-10,19,0.11616417770000001
U02FQHLN1,2015-11,15,0.1463104039
U02FQHLN1,2015-09,21,0.215548113
U02FQHLN1,2016-01,3,0.234423399
U02FQHLN1,2015-08,18,0.0864423215
U02FQHLN1,2014-10,1,0.6631793976
U0B1994CS,2017-04,351,0.5150975585
U0B1994CS,2017-05,582,0.2753021419
U0B1994CS,2016-10,250,0.339120537
U0B1994CS,2017-03,580,0.2477546334
U0B1994CS,2016-09,480,0.1878969222
U0B1994CS,2017-06,742,0.9440261722000001
U0B1994CS,2016-05,290,0.4894295037
U0B1994CS,2017-02,634,0.17916783690000002
U0B1994CS,2016-11,568,0.6873499751000001
U0B1994CS,2017-01,520,0.1837739646
U0B1994CS,2017-07,163,0.2364226133
U0B1994CS,2016-04,440,0.1002754867
U0B1994CS,2016-12,559,0.2658313215
U0B1994CS,2016-06,278,0.32324761150000003
U0B1994CS,2016-07,204,0.19180399180000002
U0B1994CS,2016-08,770,0.5346518755
U0B1994CS,2016-03,245,0.2214551419
U0B1994CS,2016-02,165,0.277662307
U0B1994CS,2016-01,101,0.070203267
U0B1994CS,2015-11,44,0.21176058050000002
U0B1994CS,2015-12,74,0.1268704683
U0B1994CS,2015-10,8,0.1598467678
U0B1994CS,2015-09,1,0.7514961362
U03NCA3LR,2016-05,14,0.2510680258
U03NCA3LR,2016-04,10,0.521407485
U03NCA3LR,2016-07,29,0.3536275625
U03NCA3LR,2016-06,4,0.8481926918
U03NCA3LR,2016-03,11,0.7218696475
U03NCA3LR,2016-01,2,0.31714692710000003
U03NCA3LR,2016-02,6,0.4820577204
U03NCA3LR,2015-08,1,0.5491061807000001
U03NCA3LR,2015-07,1,0.1988800615
U03NCA3LR,2015-04,2,0.7238804698
U1SLUC3NU,2017-05,211,0.5024029613000001
U1SLUC3NU,2017-03,95,0.4998003244
U1SLUC3NU,2017-06,174,0.5559062362
U1SLUC3NU,2017-02,131,0.2204745412
U1SLUC3NU,2016-11,286,0.8996187449
U1SLUC3NU,2017-01,146,0.4393620789
U1SLUC3NU,2016-10,66,0.5054644942000001
U1SLUC3NU,2016-09,57,0.34864729640000003
U1SLUC3NU,2017-04,94,0.38402652740000004
U1SLUC3NU,2016-12,116,0.2385679185
U1SLUC3NU,2017-07,16,0.08257223670000001
U1SLUC3NU,2016-08,9,0.2941692173
U2B7ME656,2016-10,5,0.26155197620000004
U0496CAPY,2016-10,72,0.2859169543
U0496CAPY,2016-05,122,0.6111768484
U0496CAPY,2016-11,45,0.1450091898
U0496CAPY,2016-04,112,0.29256972670000003
U0496CAPY,2016-07,136,0.2672827244
U0496CAPY,2016-08,114,0.2344526052
U0496CAPY,2017-02,38,0.6598169804
U0496CAPY,2016-12,97,0.29010248180000003
U0496CAPY,2016-09,163,0.0734981671
U0496CAPY,2016-06,107,0.5373594165
U0496CAPY,2016-03,177,0.0415533632
U0496CAPY,2017-01,23,0.8364767432
U0496CAPY,2017-04,24,0.14659807090000002
U0496CAPY,2017-06,2,0.5078075528
U0496CAPY,2016-02,203,0.3602144718
U0496CAPY,2016-01,52,0.2947303653
U0496CAPY,2015-09,92,0.20558398960000002
U0496CAPY,2017-05,3,0.5210586786
U0496CAPY,2015-12,36,0.536575675
U0496CAPY,2015-11,28,0.494120121
U0496CAPY,2015-08,76,0.09285746510000001
U0496CAPY,2017-03,14,0.1297552288
U0496CAPY,2015-10,11,0.3701271713
U0HLHCJ1W,2016-10,154,0.4158700705
U0HLHCJ1W,2017-03,356,0.0735366046
U0HLHCJ1W,2017-02,297,0.066318281
U0HLHCJ1W,2016-11,50,0.22080814840000001
U0HLHCJ1W,2017-04,193,0.6341710091
U0HLHCJ1W,2017-01,321,0.2755360007
U0HLHCJ1W,2017-05,218,0.0879005045
U0HLHCJ1W,2016-12,159,0.04829612
U0HLHCJ1W,2017-06,182,0.1960277259
U0HLHCJ1W,2016-08,99,0.5368293524000001
U0HLHCJ1W,2016-01,9,0.8049948812000001
U0HLHCJ1W,2017-07,33,0.9514049888
U0HLHCJ1W,2016-02,6,0.8111857176
U0HLHCJ1W,2016-04,17,0.3458936214
U0HLHCJ1W,2016-09,89,0.8106636405000001
U0HLHCJ1W,2016-03,12,0.9765549898
U0HLHCJ1W,2016-06,5,0.9042537808000001
U0HLHCJ1W,2016-07,8,0.1829927862
U0HLHCJ1W,2016-05,2,0.9696968794
U02FRJ8CE,2017-03,30,0.5968627334000001
U02FRJ8CE,2017-02,76,0.32690122720000003
U02FRJ8CE,2017-07,3,0.598611176
U02FRJ8CE,2017-05,60,0.7308104038000001
U02FRJ8CE,2017-06,12,0.952332437
U02FRJ8CE,2016-10,39,0.1676919311
U02FRJ8CE,2016-08,13,0.0651864484
U02FRJ8CE,2016-09,15,0.1252277493
U02FRJ8CE,2016-12,67,0.7562671304
U02FRJ8CE,2017-04,32,0.71736902
U02FRJ8CE,2014-10,21,0.2664797306
U02FRJ8CE,2015-05,41,0.206058234
U02FRJ8CE,2015-03,10,0.6292865276
U02FRJ8CE,2016-05,42,0.4077082574
U02FRJ8CE,2016-11,24,0.6269812584000001
U02FRJ8CE,2016-07,26,0.1837773919
U02FRJ8CE,2016-06,32,0.5485355258
U02FRJ8CE,2016-04,24,0.4554974437
U02FRJ8CE,2014-11,3,0.2389633656
U02FRJ8CE,2014-09,1,0.7425688505
U02FRJ8CE,2015-07,5,0.8001322746
U02FRJ8CE,2016-01,13,0.9072965980000001
U02FRJ8CE,2015-11,3,0.7614532113
U02FRJ8CE,2017-01,49,0.5265631676
U02FRJ8CE,2015-10,14,0.3811227977
U02FRJ8CE,2016-02,6,0.9219919443000001
U02FRJ8CE,2015-12,14,0.1238358021
U02FRJ8CE,2015-04,20,0.2916255593
U02FRJ8CE,2016-03,8,0.0963693783
U02FRJ8CE,2015-09,7,0.9709396362
U02FRJ8CE,2015-06,7,0.1296711713
U02FRJ8CE,2015-08,1,0.10951920600000001
U02FRJ8CE,2014-08,3,0.1473455727
U0CNV2FMF,2016-05,32,0.7027447224000001
U0CNV2FMF,2016-10,9,0.9977045655000001
U0CNV2FMF,2016-04,57,0.4173626602
U0CNV2FMF,2016-09,35,0.6934984922
U0CNV2FMF,2016-06,25,0.4747665823
U0CNV2FMF,2015-11,7,0.4173741341
U0CNV2FMF,2016-03,45,0.5559231043
U0CNV2FMF,2016-07,12,0.3955817223
U0CNV2FMF,2016-08,52,0.1747862846
U0CNV2FMF,2016-02,22,0.47560623290000004
U0CNV2FMF,2016-01,20,0.29393473270000003
U0CNV2FMF,2015-12,2,0.7971169949
U11GMRJ78,2017-02,9,0.3051054478
U11GMRJ78,2017-06,3,0.8275826573
U11GMRJ78,2017-05,3,0.9018960595000001
U11GMRJ78,2016-09,4,0.3102486134
U11GMRJ78,2016-11,1,0.9849493504000001
U11GMRJ78,2016-07,2,0.1260651052
U11GMRJ78,2016-12,1,0.6149889827
U11GMRJ78,2016-08,3,0.3498767018
U11GMRJ78,2016-04,1,0.8170148134
U4U8YC3JB,2017-07,5,0.1318671256
U4U8YC3JB,2017-06,28,0.37326571350000004
U4U8YC3JB,2017-04,51,0.1662513465
U4U8YC3JB,2017-05,13,0.5174865723000001
U036JP43D,2016-12,180,0.5277494788
U036JP43D,2017-01,173,0.2221108079
U036JP43D,2016-10,30,0.2997886837
U036JP43D,2016-09,116,0.092885986
U036JP43D,2016-11,169,0.47053372860000003
U036JP43D,2016-06,31,0.8248677254000001
U036JP43D,2016-02,139,0.1519969404
U036JP43D,2016-01,119,0.366022557
U036JP43D,2016-08,69,0.12411674110000001
U036JP43D,2016-07,14,0.0199646298
U036JP43D,2016-05,147,0.1559338719
U036JP43D,2016-04,49,0.8244637847
U036JP43D,2015-12,8,0.7033258677
U036JP43D,2015-11,6,0.8779639602
U036JP43D,2015-09,14,0.7148640752000001
U036JP43D,2015-06,6,0.48378962280000004
U036JP43D,2016-03,23,0.7860457301
U036JP43D,2015-08,8,0.6555721164
U036JP43D,2017-02,1,0.5089500546
U036JP43D,2015-10,9,0.39441743490000003
U036JP43D,2015-05,4,0.9174582958
U036JP43D,2015-07,7,0.6853074431
U036JP43D,2015-04,1,0.8388283253000001
U02FRFXLE,2016-10,24,0.5190224648
U02FRFXLE,2017-03,14,0.9020360112
U02FRFXLE,2016-11,28,0.4943716228
U02FRFXLE,2017-04,24,0.2285755575
U02FRFXLE,2016-09,122,0.5891533494
U02FRFXLE,2017-01,164,0.4463082552
U02FRFXLE,2016-05,44,0.6880773902
U02FRFXLE,2017-07,5,0.1427817345
U02FRFXLE,2016-08,79,0.8905323148000001
U02FRFXLE,2016-12,41,0.7463530898
U02FRFXLE,2017-02,85,0.8950511217
U02FRFXLE,2016-04,33,0.7655043006000001
U02FRFXLE,2016-06,50,0.4915110171
U02FRFXLE,2014-11,2,0.28450635080000003
U02FRFXLE,2016-07,13,0.6020109057
U02FRFXLE,2015-11,4,0.7276006937
U02FRFXLE,2016-03,44,0.0397010744
U02FRFXLE,2016-02,21,0.8600326180000001
U02FRFXLE,2017-05,57,0.5653218627000001
U02FRFXLE,2017-06,22,0.21235892180000002
U02FRFXLE,2015-02,33,0.4251967072
U02FRFXLE,2015-01,2,0.9862757325
U02FRFXLE,2015-09,2,0.19891911750000002
U02FRFXLE,2016-01,2,0.0210553147
U02FRFXLE,2015-05,5,0.3246707618
U02FRFXLE,2014-10,8,0.1521268338
U02FRFXLE,2015-12,2,0.9720113873
U02FRFXLE,2015-03,1,0.5480756760000001
U02FRFXLE,2015-04,11,0.6541853547
U02FRFXLE,2015-07,3,0.8962299824000001
U02FRFXLE,2015-08,6,0.8243684769
U02FRFXLE,2015-06,1,0.3960927427
U5NN4TE90,2017-07,2,0.3843532801
U5NN4TE90,2017-06,4,0.6311367154
U0U7C68AU,2016-05,9,0.7462705970000001
U0U7C68AU,2016-06,30,0.6253310442000001
U0U7C68AU,2016-07,39,0.5841118693
U0U7C68AU,2016-08,36,0.9238305688
U0U7C68AU,2016-04,6,0.7983399034
U0U7C68AU,2016-03,3,0.621013999
U02FRLFH4,2016-07,105,0.3660629094
U02FRLFH4,2017-04,45,0.1685165018
U02FRLFH4,2016-10,115,0.6241996288
U02FRLFH4,2016-12,99,0.531606555
U02FRLFH4,2017-02,48,0.2854152918
U02FRLFH4,2017-01,226,0.1314229071
U02FRLFH4,2016-02,337,0.333984375
U02FRLFH4,2015-08,35,0.1108151078
U02FRLFH4,2017-03,52,0.068454437
U02FRLFH4,2015-12,31,0.020729959000000003
U02FRLFH4,2016-11,75,0.5831035972
U02FRLFH4,2014-10,2,0.1538814008
U02FRLFH4,2015-11,41,0.4598465264
U02FRLFH4,2016-06,142,0.2685707808
U02FRLFH4,2016-03,355,0.43181288240000004
U02FRLFH4,2016-01,27,0.1860357225
U02FRLFH4,2016-05,95,0.3636577427
U02FRLFH4,2016-04,62,0.2629696131
U02FRLFH4,2015-09,4,0.4994716048
U02FRLFH4,2016-09,134,0.7398777008
U02FRLFH4,2015-01,8,0.5787776113
U02FRLFH4,2015-05,10,0.6454107165
U02FRLFH4,2015-07,12,0.6403046250000001
U02FRLFH4,2014-11,4,0.378983438
U02FRLFH4,2016-08,150,0.5677797794
U02FRLFH4,2015-10,7,0.5566843748
U02FRLFH4,2015-02,1,0.43665844200000004
U02F8445P,2015-07,150,0.7060234547
U02F8445P,2016-01,70,0.5650748014
U02F8445P,2016-09,40,0.2186208665
U02F8445P,2017-01,18,0.0957437158
U02F8445P,2016-05,13,0.2901828885
U02F8445P,2016-12,13,0.6602576971
U02F8445P,2016-10,9,0.8434716463
U02F8445P,2014-12,59,0.0424589477
U02F8445P,2015-08,182,0.5295128822
U02F8445P,2015-06,89,0.5032556057
U02F8445P,2014-09,12,0.6518215537000001
U02F8445P,2016-04,67,0.0638004169
U02F8445P,2015-04,73,0.5739377141
U02F8445P,2016-06,58,0.5428007841
U02F8445P,2016-02,33,0.5110127926
U02F8445P,2016-07,91,0.4806085229
U02F8445P,2015-11,102,0.3782236874
U02F8445P,2015-12,101,0.2293097824
U02F8445P,2015-05,112,0.8641402125000001
U02F8445P,2015-03,25,0.5381779075
U02F8445P,2016-03,62,0.6250832081000001
U02F8445P,2015-10,88,0.3791551292
U02F8445P,2015-09,46,0.1771190912
U02F8445P,2014-11,24,0.41532140970000003
U02F8445P,2014-10,44,0.2595641017
U02F8445P,2015-02,20,0.1762086898
U02F8445P,2015-01,25,0.068460457
U02F8445P,2017-03,5,0.6603559256
U02F8445P,2016-08,38,0.7976579666
U02F8445P,2017-07,6,0.7117541432000001
U02F8445P,2016-11,14,0.8613863587
U02F8445P,2017-02,14,0.7929215431000001
U02F8445P,2017-06,2,0.8499165177
U02F8445P,2017-04,11,0.6526120901
U02F8445P,2017-05,1,0.9130784273
U02G1MSM6,2015-09,5,0.0357779302
U02G1MSM6,2017-04,3,0.7127273679
U02G1MSM6,2016-08,4,0.6798369288
U02G1MSM6,2015-10,9,0.2285986841
U02G1MSM6,2015-04,12,0.8235107660000001
U02G1MSM6,2015-03,7,0.6543846130000001
U02G1MSM6,2015-08,25,0.2835219204
U02G1MSM6,2016-06,2,0.8125945330000001
U02G1MSM6,2016-11,4,0.6265797019
U02G1MSM6,2015-11,2,0.7234492898
U02G1MSM6,2015-12,9,0.12115422640000001
U02G1MSM6,2017-06,2,0.7554493546000001
U02G1MSM6,2017-02,2,0.7554493546000001
U02G1MSM6,2017-03,1,0.7671359181
U02G1MSM6,2017-05,5,0.8209167123000001
U02G1MSM6,2016-02,2,0.9677890539
U02G1MSM6,2016-01,1,0.6251977086
U02G1MSM6,2016-10,1,0.49163949490000003
U02G1MSM6,2014-12,3,0.7613311410000001
U02G1MSM6,2016-09,5,0.1857537031
U02G1MSM6,2015-01,7,0.1653164029
U02G1MSM6,2015-02,3,0.42449247840000004
U02G1MSM6,2015-05,5,0.47272980210000004
U02G1MSM6,2015-06,10,0.0994690359
U02G1MSM6,2015-07,8,0.5876331925
U02G1MSM6,2016-07,7,0.7259995937
U02G1MSM6,2014-09,1,0.22252942620000002
U02G1MSM6,2014-10,3,0.2763339281
U02G1MSM6,2014-11,1,0.3907088637
U02G1MSM6,2016-03,8,0.0509693213
U02G1MSM6,2016-04,1,0.6586971283
U08FY6SNL,2016-04,29,0.4660620093
U08FY6SNL,2016-10,54,0.1128968447
U08FY6SNL,2016-11,46,0.6686674953
U08FY6SNL,2017-01,44,0.4423095882
U08FY6SNL,2016-09,70,0.3306881487
U08FY6SNL,2016-08,31,0.40126365420000004
U08FY6SNL,2016-07,50,0.16115245220000002
U08FY6SNL,2016-06,22,0.7005151510000001
U08FY6SNL,2016-03,37,0.7484560609
U08FY6SNL,2016-12,26,0.7260956168
U08FY6SNL,2016-02,25,0.40207177400000005
U08FY6SNL,2016-01,6,0.597196579
U08FY6SNL,2016-05,13,0.5004079342000001
U098CEPMJ,2016-04,179,0.8213890195
U098CEPMJ,2016-03,105,0.7580693364000001
U098CEPMJ,2015-11,113,0.7846984267
U098CEPMJ,2015-12,84,0.6774029136
U098CEPMJ,2016-01,77,0.705678761
U098CEPMJ,2016-02,214,0.6883589625000001
U098CEPMJ,2015-10,44,0.9250224829
U098CEPMJ,2015-09,14,0.4166157246
U098CEPMJ,2015-08,10,0.6893048882
U2265NBTK,2017-04,157,0.2397731394
U2265NBTK,2017-07,51,0.7978540659000001
U2265NBTK,2017-05,106,0.8292781115000001
U2265NBTK,2017-06,98,0.8417184949000001
U2265NBTK,2017-02,97,0.1349004507
U2265NBTK,2017-03,62,0.2680926621
U2265NBTK,2017-01,74,0.34516283870000003
U2265NBTK,2016-12,8,0.8051432371
U2265NBTK,2016-09,2,0.0807420164
U2265NBTK,2016-10,13,0.8932067156
U2265NBTK,2016-11,14,0.10834115
U47SLA5NG,2017-06,15,0.6335375309
U47SLA5NG,2017-05,22,0.5544270277000001
U47SLA5NG,2017-03,18,0.8905930519
U47SLA5NG,2017-04,46,0.36366924640000003
U47SLA5NG,2017-02,9,0.7402551770000001
U47SLA5NG,2017-07,1,0.577698946
U02NN8SR9,2016-11,129,0.7499468923
U02NN8SR9,2016-07,232,0.7052429318
U02NN8SR9,2016-10,74,0.5587891936
U02NN8SR9,2017-02,46,0.5037289262
U02NN8SR9,2016-09,135,0.4369910657
U02NN8SR9,2016-12,99,0.6403284073000001
U02NN8SR9,2017-05,36,0.7854496837
U02NN8SR9,2016-08,65,0.7145299911
U02NN8SR9,2017-03,16,0.08486256
U02NN8SR9,2016-06,278,0.7321813703000001
U02NN8SR9,2017-01,56,0.3028339744
U02NN8SR9,2016-02,91,0.35808345680000003
U02NN8SR9,2016-03,72,0.42982822660000003
U02NN8SR9,2016-01,67,0.4981725812
U02NN8SR9,2016-05,146,0.3186721504
U02NN8SR9,2016-04,133,0.36750546100000003
U02NN8SR9,2017-07,8,0.051004033500000004
U02NN8SR9,2017-06,20,0.4440530837
U02NN8SR9,2015-12,39,0.4747278988
U02NN8SR9,2015-11,62,0.48882475500000006
U02NN8SR9,2015-10,51,0.2613779008
U02NN8SR9,2015-03,19,0.9261450768
U02NN8SR9,2015-06,21,0.7242611647
U02NN8SR9,2015-09,27,0.8744981885
U02NN8SR9,2014-11,4,0.8562291861
U02NN8SR9,2015-05,27,0.7371384501
U02NN8SR9,2015-02,67,0.7058070898000001
U02NN8SR9,2015-07,17,0.9724693894
U02NN8SR9,2015-08,22,0.7151250839000001
U02NN8SR9,2015-01,19,0.98654145
U02NN8SR9,2017-04,30,0.4690286219
U02NN8SR9,2015-04,27,0.2980770767
U02NN8SR9,2014-12,5,0.8945693374
U02NN8SR9,2014-10,1,0.9869296551000001
U041US7DS,2016-08,47,0.32167747620000003
U041US7DS,2016-12,41,0.7352030277
U041US7DS,2016-09,79,0.32699638610000004
U041US7DS,2016-11,11,0.3026441038
U041US7DS,2017-01,16,0.7760998607
U041US7DS,2016-02,36,0.3802806139
U041US7DS,2015-10,97,0.5261681676000001
U041US7DS,2016-01,15,0.33911320570000003
U041US7DS,2015-11,73,0.2630064189
U041US7DS,2015-12,48,0.18871378900000002
U041US7DS,2016-10,16,0.5564968586
U041US7DS,2015-09,14,0.23681186140000002
U041US7DS,2015-07,14,0.5828877687
U041US7DS,2015-08,45,0.4999275506
U041US7DS,2015-05,1,0.2567538321
U042NN0NK,2016-05,37,0.7127202749
U042NN0NK,2016-10,38,0.3457261622
U042NN0NK,2016-08,78,0.8156834245
U042NN0NK,2017-01,91,0.045973748
U042NN0NK,2016-12,58,0.7350410223
U042NN0NK,2016-11,56,0.8385103941000001
U042NN0NK,2017-02,81,0.3054090142
U042NN0NK,2017-03,44,0.9229727983
U042NN0NK,2016-06,26,0.6695278287
U042NN0NK,2016-03,66,0.6893186569
U042NN0NK,2016-04,119,0.6449248791000001
U042NN0NK,2016-07,15,0.5170408487
U042NN0NK,2015-12,14,0.6079024076
U042NN0NK,2017-05,54,0.105026722
U042NN0NK,2017-06,27,0.2026979327
U042NN0NK,2016-09,43,0.34418776630000003
U042NN0NK,2016-02,110,0.5326007009
U042NN0NK,2015-11,19,0.8178663254
U042NN0NK,2016-01,3,0.9026911259
U042NN0NK,2017-04,42,0.800727725
U042NN0NK,2017-07,31,0.5744453669
U042NN0NK,2015-09,8,0.2142815143
U042NN0NK,2015-08,15,0.16893117130000002
U042NN0NK,2015-10,24,0.24008068440000002
U0A8TA2GP,2016-05,34,0.0354507938
U0A8TA2GP,2016-10,21,0.0764407814
U0A8TA2GP,2016-08,13,0.10306891800000001
U0A8TA2GP,2016-06,101,0.2057258338
U0A8TA2GP,2016-07,31,0.482784301
U0A8TA2GP,2016-09,6,0.3813631833
U0A8TA2GP,2016-02,10,0.7421161532
U0A8TA2GP,2016-03,17,0.2827165425
U0A8TA2GP,2016-04,24,0.1125786379
U0A8TA2GP,2015-11,1,0.2460190505
U42563T0E,2017-06,17,0.3096071482
U42563T0E,2017-04,12,0.6643337011
U42563T0E,2017-03,6,0.37720376250000004
U42563T0E,2017-05,8,0.0106237885
U0QSGQCK1,2016-05,32,0.4391686618
U0QSGQCK1,2016-04,64,0.2807747722
U0QSGQCK1,2016-03,12,0.40572431680000004
U0B26DRS9,2015-11,9,0.24268865590000002
U0B26DRS9,2016-02,16,0.3915044367
U0B26DRS9,2016-05,40,0.35408729310000003
U0B26DRS9,2016-04,17,0.7401370406000001
U0B26DRS9,2016-03,2,0.0417126156
U11H71LUS,2016-08,48,0.6948722601
U11H71LUS,2016-05,18,0.0526607558
U11H71LUS,2016-07,62,0.8616909981
U11H71LUS,2016-06,10,0.4082148075
U11H71LUS,2016-04,4,0.8094853759
USLACKBOT,2016-07,70,0.6312884688
USLACKBOT,2016-11,30,0.833093822
USLACKBOT,2017-04,70,0.9055496454
USLACKBOT,2017-05,120,0.9071027637
USLACKBOT,2016-10,31,0.8342727423
USLACKBOT,2016-06,21,0.8624597192000001
USLACKBOT,2016-08,36,0.8396883607000001
USLACKBOT,2016-12,31,0.8342727423
USLACKBOT,2017-03,72,0.9053424597
USLACKBOT,2017-06,125,0.8920927048
USLACKBOT,2016-09,30,0.833093822
USLACKBOT,2017-02,59,0.89659518
USLACKBOT,2017-01,36,0.8425536752
USLACKBOT,2017-07,16,0.7986694574000001
U0R0CJE1Z,2016-09,14,0.19190481310000002
U0R0CJE1Z,2016-12,13,0.3473068476
U0R0CJE1Z,2016-10,7,0.024488749
U0R0CJE1Z,2017-04,7,0.0057134898
U0R0CJE1Z,2017-05,12,0.34816184640000003
U0R0CJE1Z,2017-02,6,0.0198480673
U0R0CJE1Z,2017-01,27,0.8113253117
U0R0CJE1Z,2016-11,13,0.6977884769
U0R0CJE1Z,2017-03,8,0.5643134713
U0R0CJE1Z,2016-07,2,0.8504624963
U0R0CJE1Z,2016-08,10,0.8002573848000001
U0R0CJE1Z,2017-06,3,0.1834241301
U0R0CJE1Z,2016-06,2,0.5464218259
U1EE0AF0X,2016-09,18,0.6909530759
U1EE0AF0X,2016-11,21,0.10363253950000001
U1EE0AF0X,2016-12,31,0.20494198800000002
U1EE0AF0X,2016-07,12,0.4717852175
U1EE0AF0X,2017-04,144,0.4278426468
U1EE0AF0X,2016-10,14,0.9873788357000001
U1EE0AF0X,2017-07,42,0.7940266728
U1EE0AF0X,2017-03,64,0.7253991365
U1EE0AF0X,2017-02,54,0.6010164618
U1EE0AF0X,2017-05,146,0.7958449721
U1EE0AF0X,2017-01,43,0.8592045903000001
U1EE0AF0X,2017-06,190,0.8288131356
U1EE0AF0X,2016-08,10,0.43816640970000004
U02FQLM2P,2016-09,56,0.7549231052
U02FQLM2P,2017-02,52,0.5402315259
U02FQLM2P,2016-10,72,0.4497255087
U02FQLM2P,2016-12,25,0.059329465000000005
U02FQLM2P,2016-11,118,0.611717999
U02FQLM2P,2017-01,47,0.5469698906
U02FQLM2P,2017-03,12,0.9421852231000001
U02FQLM2P,2016-01,152,0.14899066090000002
U02FQLM2P,2014-08,18,0.0308990981
U02FQLM2P,2015-11,181,0.0587525032
U02FQLM2P,2015-12,130,0.3442860842
U02FQLM2P,2016-02,94,0.0866283327
U02FQLM2P,2016-05,83,0.3840507567
U02FQLM2P,2016-07,66,0.0707179904
U02FQLM2P,2016-06,88,0.2922272086
U02FQLM2P,2016-03,29,0.678245604
U02FQLM2P,2016-08,70,0.7454097271
U02FQLM2P,2015-10,31,0.043332032900000005
U02FQLM2P,2016-04,16,0.263774395
U02FQLM2P,2014-10,2,0.8858429193
U02FQLM2P,2015-09,7,0.0179273654
U02FQLM2P,2015-05,22,0.718221426
U02FQLM2P,2014-11,10,0.1339109987
U02FQLM2P,2017-06,2,0.5201262236
U02FQLM2P,2015-04,46,0.4262955189
U02FQLM2P,2017-04,6,0.8061150908
U02FQLM2P,2017-05,4,0.5938090682
U02FQLM2P,2017-07,1,0.9669454694
U02FQLM2P,2015-07,12,0.7906100154
U02FQLM2P,2015-06,2,0.5655682087
U0KUU2MEZ,2017-06,18,0.8682458401
U0KUU2MEZ,2016-09,9,0.8043936491
U0KUU2MEZ,2017-04,14,0.5817703009
U0KUU2MEZ,2017-05,12,0.8998179436
U0KUU2MEZ,2016-03,5,0.6413568258
U0KUU2MEZ,2016-11,17,0.8844299912
U0KUU2MEZ,2016-07,17,0.8781362176
U0KUU2MEZ,2016-08,4,0.7863314152
U0KUU2MEZ,2016-05,2,0.5386197567000001
U0KUU2MEZ,2017-02,1,0.832085669
U0KUU2MEZ,2016-10,14,0.9369502068000001
U0KUU2MEZ,2016-04,3,0.4409056008
U0KUU2MEZ,2017-03,4,0.4120028019
U0KUU2MEZ,2016-06,5,0.7571877837000001
U0KUU2MEZ,2016-02,15,0.5365772247
U0KUU2MEZ,2016-12,5,0.7293160558
U0KUU2MEZ,2017-07,1,0.5821461678000001
U4E5BTBM0,2017-05,67,0.09279486540000001
U4E5BTBM0,2017-03,21,0.343582958
U4E5BTBM0,2017-06,90,0.4438545108
U4E5BTBM0,2017-07,4,0.5261625648
U4E5BTBM0,2017-04,5,0.1734366864
U03S6TL41,2017-07,2,0.8932124972000001
U03S6TL41,2017-02,5,0.7119858265
U03S6TL41,2015-12,9,0.7103737593
U03S6TL41,2016-07,2,0.0191440824
U03S6TL41,2016-02,6,0.12203233690000001
U03S6TL41,2016-03,13,0.1197663099
U03S6TL41,2017-03,18,0.057541254900000005
U03S6TL41,2017-04,16,0.0848133788
U03S6TL41,2015-11,14,0.2126057148
U03S6TL41,2016-04,9,0.3650565445
U03S6TL41,2016-05,2,0.2719131112
U03S6TL41,2015-10,1,0.33405706290000003
U03S6TL41,2017-05,5,0.2489647567
U03S6TL41,2015-09,5,0.6574134231000001
U03S6TL41,2016-11,2,0.8117994070000001
U03S6TL41,2016-09,6,0.36151120070000003
U03S6TL41,2016-10,3,0.0738666952
U03S6TL41,2017-06,1,0.6505445242
U03S6TL41,2016-08,1,0.7198159695
U1976AN7R,2016-10,9,0.5254939795
U1976AN7R,2017-01,14,0.3975327611
U1976AN7R,2017-04,11,0.46899339560000003
U1976AN7R,2017-03,23,0.11885169150000001
U1976AN7R,2017-02,9,0.7711553574000001
U1976AN7R,2016-07,9,0.0220340062
U1976AN7R,2016-06,6,0.0222952478
U1976AN7R,2016-11,4,0.6795387864
U1976AN7R,2017-05,15,0.4186609685
U1976AN7R,2016-09,4,0.9815060496
U1976AN7R,2016-08,5,0.4045659602
U1976AN7R,2016-12,1,0.9973085523
U1976AN7R,2017-06,4,0.49816551800000003
U1976AN7R,2017-07,4,0.8764485121000001
U04F4193U,2017-05,6,0.4855936468
U04F4193U,2016-09,3,0.6093664765
U04F4193U,2017-06,6,0.5428304672
U04F4193U,2017-04,12,0.6359040141
U04F4193U,2017-02,2,0.8344662786
U04F4193U,2016-11,1,0.5161783099
U04F4193U,2017-03,6,0.7216535807000001
U04F4193U,2016-12,2,0.7607021332
U04F4193U,2016-10,4,0.8946428299
U04F4193U,2016-03,1,0.8098083735
U04F4193U,2016-05,1,0.3623098135
U04F4193U,2015-11,1,0.8742015958
U04F4193U,2016-04,2,0.170166865
U04F4193U,2016-07,3,0.0874872357
U04F4193U,2016-06,1,0.8316138387
U474A7AAD,2017-04,141,0.0605005734
U474A7AAD,2017-05,26,0.1923932582
U474A7AAD,2017-03,102,0.1395734996
U474A7AAD,2017-02,29,0.8075581193
U2MUJBPHD,2017-01,5,0.52710706
U2MUJBPHD,2017-04,10,0.4923103452
U2MUJBPHD,2017-02,5,0.9295205474
U2MUJBPHD,2016-11,2,0.6073839664
U2MUJBPHD,2017-03,9,0.1368868053
U2MUJBPHD,2017-05,8,0.9728191495
U2MUJBPHD,2017-06,1,0.9524511695000001
U0BSFSE8P,2016-03,6,0.6905499101
U0BSFSE8P,2016-05,21,0.3190477788
U0BSFSE8P,2016-04,23,0.046039138
U0BSFSE8P,2016-06,29,0.2180958539
U0BSFSE8P,2016-07,32,0.2601891458
U0BSFSE8P,2015-11,1,0.7151672244
U2D522CUT,2017-04,8,0.6991680861
U2D522CUT,2017-02,6,0.9761116505
U2D522CUT,2017-06,9,0.9961136580000001
U2D522CUT,2017-01,1,0.5633968115
U2D522CUT,2016-11,7,0.9423874021
U2D522CUT,2016-12,4,0.9824216962000001
U2D522CUT,2016-10,2,0.9205086827000001
U2D522CUT,2016-09,1,0.8631675839
U2D522CUT,2017-05,14,0.49896252160000004
U2D522CUT,2017-03,6,0.9075232148
U1C2DR138,2017-01,20,0.6950407624
U1C2DR138,2017-03,5,0.6445299387
U1C2DR138,2017-02,3,0.6233213544
U1C2DR138,2016-08,11,0.9545524716
U1C2DR138,2016-07,10,0.8443316817000001
U1C2DR138,2016-12,18,0.9601363540000001
U1C2DR138,2016-10,17,0.6383901834
U1C2DR138,2017-06,10,0.9258793592000001
U1C2DR138,2016-09,3,0.975720346
U1C2DR138,2017-05,3,0.4931906164
U1C2DR138,2016-11,4,0.659365654
U1C2DR138,2017-04,3,0.7607474327
U2YGBG8Q0,2017-06,3,0.5574375987
U2YGBG8Q0,2017-04,10,0.9151922464000001
U2YGBG8Q0,2017-03,2,0.4194402695
U2YGBG8Q0,2017-01,13,0.4689964056
U2YGBG8Q0,2016-11,1,0.9014388323
U2YGBG8Q0,2016-12,1,0.8244406581
U2YGBG8Q0,2017-02,1,0.9832232594
U2YGBG8Q0,2017-05,3,0.7932673097
U50N4H5P0,2017-04,3,0.9829699397
U50N4H5P0,2017-05,57,0.8222603798
U50N4H5P0,2017-06,51,0.9770953655000001
U50N4H5P0,2017-07,8,0.6245729923000001
U40PC2SU8,2017-06,15,0.16802322860000002
U40PC2SU8,2017-03,13,0.22790285940000002
U40PC2SU8,2017-02,15,0.4392716289
U40PC2SU8,2017-05,19,0.4549815357
U40PC2SU8,2017-04,15,0.1541705281
U40PC2SU8,2017-07,2,0.0238682963
U1EPYJSKE,2017-02,13,0.9252303243000001
U1EPYJSKE,2017-06,17,0.8264455199
U1EPYJSKE,2016-06,4,0.9793521166
U1EPYJSKE,2017-01,14,0.837585032
U1EPYJSKE,2016-12,13,0.9040459991
U1EPYJSKE,2017-05,19,0.8912950158
U1EPYJSKE,2016-07,3,0.6367419362
U1EPYJSKE,2016-10,18,0.2566677332
U1EPYJSKE,2017-04,14,0.5048953891
U1EPYJSKE,2016-11,9,0.8492729068
U1EPYJSKE,2016-09,8,0.8429630399
U1EPYJSKE,2017-03,8,0.7050412297
U1EPYJSKE,2016-08,8,0.8661037087000001
U425LES6B,2017-02,5,0.8376800418
U425LES6B,2017-06,5,0.364700228
U425LES6B,2017-04,5,0.2921512127
U425LES6B,2017-05,5,0.9582211971000001
U3RV18TK5,2017-06,2,0.6326862574000001
U3RV18TK5,2017-04,1,0.976544857
U41EN0DMG,2017-06,4,0.5502493382
U41EN0DMG,2017-07,3,0.7130255103
U41EN0DMG,2017-04,1,0.5407804251
U41EN0DMG,2017-02,3,0.8808032870000001
U4THZUB4J,2017-06,13,0.9649419785000001
U4THZUB4J,2017-05,12,0.9706876278000001
U4THZUB4J,2017-07,1,0.8770458102
U4THZUB4J,2017-04,3,0.2913639545
U5PGB6W7Q,2017-06,23,0.0519575067
U5PGB6W7Q,2017-07,1,0.9573085904
U02F6RVFM,2015-11,17,0.6032186151000001
U02F6RVFM,2015-03,5,0.3565487862
U02F6RVFM,2016-02,21,0.9687926769
U02F6RVFM,2017-01,4,0.7002868056
U02F6RVFM,2015-01,13,0.3686710298
U02F6RVFM,2016-01,11,0.9847064018
U02F6RVFM,2015-09,14,0.2228088826
U02F6RVFM,2015-10,8,0.6706048250000001
U02F6RVFM,2015-06,11,0.3796914518
U02F6RVFM,2015-07,7,0.4336801469
U02F6RVFM,2015-05,23,0.6475082040000001
U02F6RVFM,2015-12,17,0.6581104398000001
U02F6RVFM,2017-06,12,0.8067111373
U02F6RVFM,2017-07,8,0.6392430067
U02F6RVFM,2017-05,1,0.3479537368
U02F6RVFM,2016-10,5,0.9933097363000001
U02F6RVFM,2017-04,2,0.7288171649
U02F6RVFM,2016-05,2,0.7708820701
U02F6RVFM,2016-09,7,0.9604327679
U02F6RVFM,2016-04,3,0.2464194745
U02F6RVFM,2015-02,2,0.4074243307
U02F6RVFM,2015-04,3,0.6237130761
U02F6RVFM,2015-08,7,0.49357429150000004
U02F6RVFM,2014-08,2,0.8104746342
U02F6RVFM,2016-03,3,0.919226706
U02F6RVFM,2017-03,4,0.9870765805
U02F6RVFM,2017-02,1,0.7796487808
U02F6RVFM,2016-12,1,0.7038578987
U03NH6YCJ,2016-01,48,0.860360682
U03NH6YCJ,2015-11,4,0.9887586236
U03NH6YCJ,2016-02,21,0.5737107396000001
U03NH6YCJ,2015-12,5,0.7360110283
U03NH6YCJ,2016-08,11,0.9464814067
U03NH6YCJ,2017-06,3,0.8783716559
U03NH6YCJ,2017-05,4,0.861897707
U03NH6YCJ,2016-09,32,0.5058358312
U03NH6YCJ,2016-04,22,0.6348246932
U03NH6YCJ,2016-03,16,0.6207232475000001
U03NH6YCJ,2016-05,3,0.7655916214
U03NH6YCJ,2017-04,4,0.7797812223
U03NH6YCJ,2015-05,1,0.8665659428
U03NH6YCJ,2015-06,1,0.8342048526
U03NH6YCJ,2016-07,7,0.7334805727
U03NH6YCJ,2015-08,14,0.5208922625
U03NH6YCJ,2015-10,18,0.8529094458
U03NH6YCJ,2017-01,1,0.3064433038
U03NH6YCJ,2016-06,3,0.8910077214000001
U03NH6YCJ,2016-10,6,0.3203309476
U09J6K1LK,2016-05,183,0.4003629386
U09J6K1LK,2016-07,39,0.6754208803
U09J6K1LK,2016-06,107,0.5954632163
U09J6K1LK,2016-04,99,0.8262394071
U09J6K1LK,2016-01,109,0.6329134703
U09J6K1LK,2016-02,86,0.6286087036
U09J6K1LK,2016-03,18,0.8244373798
U09J6K1LK,2015-11,24,0.31151810290000004
U09J6K1LK,2015-09,10,0.039141476200000004
U09J6K1LK,2015-10,22,0.3899825811
U09J6K1LK,2015-08,3,0.7215329409
U09J6K1LK,2015-12,1,0.9783641696
U02NT6D4M,2015-11,40,0.7931928039
U02NT6D4M,2015-02,4,0.6932856441
U02NT6D4M,2015-08,8,0.760181427
U02NT6D4M,2014-10,5,0.3081243634
U02NT6D4M,2017-02,1,0.6866697073
U02NT6D4M,2016-02,58,0.7061076164
U02NT6D4M,2016-06,5,0.4133790731
U02NT6D4M,2016-09,4,0.7624033689
U02NT6D4M,2015-09,12,0.6740640402
U02NT6D4M,2015-10,24,0.4877994955
U02NT6D4M,2016-01,50,0.5953397751
U02NT6D4M,2015-12,25,0.4840317369
U02NT6D4M,2015-05,3,0.9938157797
U02NT6D4M,2016-07,12,0.7343603969
U02NT6D4M,2015-03,5,0.7647812963
U02NT6D4M,2015-04,27,0.5608866811000001
U02NT6D4M,2014-11,1,0.9838883281
U02NT6D4M,2015-06,4,0.6356500983000001
U02NT6D4M,2015-07,1,0.5685101748
U02NT6D4M,2014-12,1,0.8825985789
U02NT6D4M,2016-05,13,0.6230637431
U02NT6D4M,2016-10,20,0.6931777596
U02NT6D4M,2017-06,3,0.9072909951
U02NT6D4M,2016-03,2,0.7882837057000001
U02NT6D4M,2016-08,5,0.7027522326
U02NT6D4M,2016-04,5,0.7274811864
U02NT6D4M,2016-12,1,0.4178932011
U02NT6D4M,2016-11,7,0.6579287648000001
U02NT6D4M,2017-03,3,0.9694010615
U02NT6D4M,2017-04,2,0.4341457486
U02NT6D4M,2017-01,1,0.7448289394000001
U3GGEA0TU,2017-05,73,0.2370119095
U3GGEA0TU,2017-02,43,0.2919971943
U3GGEA0TU,2017-01,29,0.31557622550000003
U3GGEA0TU,2017-03,42,0.5189933777
U3GGEA0TU,2016-12,5,0.9844239950000001
U3GGEA0TU,2017-04,78,0.686011374
U3GGEA0TU,2017-06,79,0.7576694489
U3GGEA0TU,2017-07,2,0.23050192
U0CNPE943,2015-12,180,0.5040568113
U0CNPE943,2015-11,94,0.8581346273
U0CNPE943,2016-01,41,0.3172980845
U0CNPE943,2015-10,64,0.1684649736
U0CNPE943,2016-02,48,0.5930664539
U0CNPE943,2016-07,35,0.5316767097
U0CNPE943,2016-03,13,0.6217237711
U0CNPE943,2016-04,15,0.1104578972
U0CNPE943,2016-05,20,0.8731768727
U0CNPE943,2016-08,8,0.5448001027
U0KV04G22,2016-04,109,0.141738221
U0KV04G22,2016-03,15,0.4448704123
U0KV04G22,2016-05,18,0.08068966870000001
U0KV04G22,2016-02,1,0.5998595953
U129WAQP7,2016-09,5,0.9606604576000001
U129WAQP7,2016-08,32,0.4247728586
U129WAQP7,2016-07,5,0.2482180297
U129WAQP7,2016-05,4,0.8927828074
U129WAQP7,2016-06,4,0.0033867771
U02FRLJDE,2015-08,2,0.8363735080000001
U02FRLJDE,2015-06,3,0.49456325170000004
U02FRLJDE,2016-02,3,0.5104904771000001
U02FRLJDE,2016-03,2,0.9872394204
U02FRLJDE,2016-05,3,0.36638566850000004
U02FRLJDE,2015-10,1,0.9222491384
U02FRLJDE,2016-04,1,0.9783354402000001
U08GSNAG3,2016-07,18,0.0758651197
U08GSNAG3,2015-11,7,0.1148659959
U08GSNAG3,2016-05,27,0.1266142577
U08GSNAG3,2015-12,1,0.6291935444
U08GSNAG3,2016-10,7,0.2394521236
U08GSNAG3,2016-01,6,0.5805286169
U08GSNAG3,2015-10,11,0.2023638636
U08GSNAG3,2016-02,1,0.6289847493
U08GSNAG3,2016-06,4,0.5067686439
U08GSNAG3,2016-04,9,0.5073628426
U08GSNAG3,2016-08,8,0.1235554442
U08GSNAG3,2016-03,5,0.4549188912
U08GSNAG3,2016-09,3,0.046707812700000004
U3GG5RK9Q,2017-04,413,0.2131131142
U3GG5RK9Q,2017-06,668,0.5986844301
U3GG5RK9Q,2017-03,409,0.2998227477
U3GG5RK9Q,2017-02,239,0.48971703650000004
U3GG5RK9Q,2017-05,467,0.5546016693
U3GG5RK9Q,2017-07,86,0.3435156345
U3GG5RK9Q,2017-01,284,0.154351905
U3GG5RK9Q,2016-12,21,0.11538171770000001
U0XP8MKV4,2016-05,12,0.46912589670000004
U0XP8MKV4,2016-08,3,0.1095518023
U0XP8MKV4,2016-07,6,0.5636813641
U0XP8MKV4,2016-04,23,0.1857995391
U0XP8MKV4,2016-06,1,0.3609259427
U02FQQX4B,2016-02,18,0.7672333121
U02FQQX4B,2016-01,17,0.6838368177
U02FQQX4B,2016-03,10,0.5342629552
U02FQQX4B,2015-11,35,0.6355731487
U02FQQX4B,2015-01,4,0.9397057295000001
U02FQQX4B,2015-12,15,0.6373390555
U02FQQX4B,2015-02,2,0.5255986452
U02FQQX4B,2016-05,2,0.4556018412
U02FQQX4B,2015-04,9,0.7610529661000001
U02FQQX4B,2016-04,5,0.1952558309
U02FQQX4B,2015-06,2,0.9841226339
U0HEACK6D,2016-01,128,0.1312116385
U0XMZGYKV,2016-04,1,0.8046237230000001
U5N2D4E2U,2017-07,13,0.6187471151
U5N2D4E2U,2017-06,18,0.9376678467
U03NE26RG,2017-03,16,0.4094251692
U03NE26RG,2017-02,23,0.4262752831
U03NE26RG,2016-02,53,0.2268373817
U03NE26RG,2016-04,26,0.3875539005
U03NE26RG,2016-05,8,0.0316137746
U03NE26RG,2016-03,67,0.8547614813000001
U03NE26RG,2016-12,6,0.3125711083
U03NE26RG,2016-10,12,0.9281944633
U03NE26RG,2015-07,1,0.2276237905
U03NE26RG,2015-12,1,0.1437985599
U03NE26RG,2017-01,35,0.40995061400000005
U03NE26RG,2016-11,4,0.9934725165
U03NE26RG,2016-09,17,0.9150079489
U03NE26RG,2016-06,10,0.2322858274
U03NE26RG,2016-08,22,0.8487875462000001
U03NE26RG,2016-01,5,0.6031674743000001
U03NE26RG,2016-07,8,0.2926451266
U5FL36TCY,2017-05,2,0.9859061241
U1EP8TVN1,2016-06,4,0.6282425523
U02F84QRD,2014-09,7,0.9740778208
U02F84QRD,2014-08,6,0.9300394654
U02HVLG67,2014-10,7,0.42677316070000004
U1H5TNLS1,2016-06,1,0.7671359181
U0HH4A1PZ,2016-01,15,0.2205903381
U0HH4A1PZ,2016-12,10,0.7017313838
U0HH4A1PZ,2017-01,2,0.8856702447
U0HH4A1PZ,2016-04,2,0.22880581020000001
U0HH4A1PZ,2016-09,1,0.9385945797
U5DG76D7V,2017-05,2,0.9916232228
U5DG76D7V,2017-07,1,0.9856359959000001
U5DG76D7V,2017-06,1,0.9856359959000001
U5PH04BT8,2017-06,9,0.3125759065
U5PH04BT8,2017-07,5,0.8844026923
U57EJ2A5Q,2017-06,3,0.9775748253000001
U57EJ2A5Q,2017-05,6,0.6690987945
U57EJ2A5Q,2017-07,1,0.9765328765000001
U5VPUDFA7,2017-06,4,0.9756748080000001
U5VPUDFA7,2017-07,11,0.0862480998
U5N0SMS91,2017-06,1,0.9761007428
U61TP13P0,2017-06,1,0.7871974111000001
U04MT00CP,2015-10,11,0.0272111446
U04MT00CP,2015-11,10,0.7826047540000001
U04MT00CP,2015-12,4,0.4407429397
U04MT00CP,2015-09,12,0.2759813964
U04MT00CP,2015-08,8,0.0559541769
U04MT00CP,2015-07,8,0.24666151400000003
U04MT00CP,2015-05,3,0.6860932708
U0MPZ9GES,2016-08,2,0.6161305308
U0MPZ9GES,2016-04,1,0.4769339859
U0MPZ9GES,2016-09,1,0.4468924701
U04A8RMDY,2016-02,11,0.0875704512
U04A8RMDY,2015-11,5,0.7673447728
U04A8RMDY,2016-01,15,0.0868185982
U04A8RMDY,2015-08,1,0.2730257511
U04A8RMDY,2015-12,2,0.25692498680000003
U04A8RMDY,2015-07,2,0.4607129991
U04A8RMDY,2016-03,2,0.060066618
U04A8RMDY,2015-10,2,0.6081873178
U054JU098,2015-12,6,0.9379044771
U054JU098,2016-02,3,0.8607366085
U054JU098,2015-10,8,0.9895267487
U054JU098,2015-11,4,0.9969882369
U054JU098,2015-07,4,0.9975124002
U054JU098,2015-06,8,0.7963719368000001
U054JU098,2015-09,1,0.9846069813
U054JU098,2015-08,4,0.6079301834
U03AMPT0Y,2015-01,7,0.2313976288
U0C256PPT,2015-10,7,0.2554228008
U0C256PPT,2016-03,17,0.1843448132
